Longitude,Latitude,limit
120.60272,24.182938,40
120.644775,24.194983,80
119.95137,26.160198,30
119.99763,26.223022,30
119.97415,26.216692,30
118.29999,24.411718,50
118.30477,24.414852,50
118.31264,24.422647,50
118.32414,24.413134,60
118.39181,24.46995,60
118.40696,24.486645,60
118.419556,24.47699,60
118.36573,24.44601,70
118.370316,24.44133,60
118.4034,24.437878,50
118.41738,24.446644,50
118.43421,24.419786,50
118.309654,24.449041,50
118.33072,24.448359,60
118.3318,24.416346,60
118.337685,24.430235,60
118.33837,24.44981,60
118.340614,24.441227,70
118.34236,24.4258,60
118.35565,24.436016,60
118.35793,24.453362,60
118.43147,24.458809,60
121.75987,24.760712,50
121.76105,24.738028,60
121.76525,24.718306,60
121.770744,24.767035,70
121.771355,24.756819,70
121.77159,24.748297,70
121.77168,24.743658,70
121.78176,24.744093,60
121.76142,24.68059,40
121.79366,24.462545,50
121.821266,24.615463,60
121.83023,24.490236,40
121.84039,24.551931,60
121.85278,24.611954,70
121.8595,24.590792,60
121.79265,24.84562,60
121.79603,24.84921,50
121.80138,24.828068,60
121.82069,24.824112,60
121.83554,24.871765,60
121.86346,24.900974,50
121.86673,24.90387,60
121.89127,24.939224,50
121.90011,24.941515,60
121.91424,24.952927,60
121.92609,24.970085,50
121.780426,24.791037,60
121.784225,24.789581,60
121.78717,24.830685,50
121.810684,24.818115,50
121.77852,24.766775,60
121.783035,24.720304,50
121.80265,24.719269,50
121.808556,24.727465,60
121.81548,24.758747,60
121.81658,24.79972,60
121.81915,24.73036,60
121.700935,24.717842,60
121.709625,24.707457,60
121.71639,24.732752,60
121.717964,24.720016,60
121.71865,24.71743,60
121.738594,24.714243,50
121.748116,24.719,50
121.78557,24.645603,60
121.76619,24.710798,60
121.78949,24.672573,60
121.791145,24.688986,60
121.79258,24.683813,60
121.79319,24.680323,60
121.80519,24.673485,60
121.81058,24.709387,60
121.82835,24.664686,60
121.67725,24.677273,60
121.697624,24.667261,60
121.71217,24.670204,60
121.71839,24.687069,60
121.72788,24.69807,60
121.72893,24.696066,60
121.74223,24.700827,50
121.80645,24.46758,50
121.83988,24.547905,60
120.97137,24.84157,50
120.99152,24.863388,60
120.99606,24.931686,60
120.997604,24.826324,60
121.002075,24.855177,50
121.00254,24.855085,50
121.05501,24.797277,60
120.98595,24.697054,60
121.02924,24.779507,50
121.029686,24.79777,90
121.03352,24.795456,90
121.03471,24.697115,60
121.078285,24.723764,50
121.08006,24.747807,50
121.05786,24.825338,60
121.09389,24.822088,60
121.115875,24.816027,60
121.17297,24.765247,50
121.17617,24.775278,50
121.02346,24.885187,70
121.03631,24.880438,70
121.082695,24.886557,70
120.95437,24.87658,70
120.95457,24.877853,70
120.99692,24.932375,60
121.07388,24.774717,60
121.08224,24.765705,60
121.11652,24.720446,60
120.95864,24.744226,50
120.99643,24.766848,50
120.67632,24.494154,90
120.67696,24.497608,90
120.744514,24.345043,50
120.792854,24.522364,60
120.80374,24.578798,60
120.81373,24.557383,50
120.813934,24.550495,50
120.81526,24.590336,50
120.81608,24.551743,50
120.83144,24.551407,70
120.64825,24.4435,60
120.65332,24.44647,50
120.6551,24.41928,50
120.67131,24.394587,60
120.68583,24.37995,60
120.66622,24.469824,60
120.68407,24.48168,60
120.69913,24.496456,60
120.709694,24.56362,60
120.7121,24.569326,60
120.81119,24.657883,80
120.85556,24.671747,60
120.85995,24.693743,40
120.87099,24.671583,60
120.87718,24.692722,60
120.879974,24.686905,30
120.88542,24.690916,60
120.885445,24.69521,60
120.90459,24.723228,60
120.92211,24.713758,70
120.878746,24.66203,70
120.88218,24.663143,70
120.88288,24.65347,60
120.89102,24.674002,60
120.89492,24.683172,60
120.90152,24.692188,50
120.90206,24.68516,60
120.9131,24.690813,60
120.91392,24.674433,60
120.91523,24.69308,50
120.92369,24.690245,50
120.92423,24.68992,50
120.92912,24.686438,50
120.93603,24.685402,50
120.94835,24.680124,50
120.95703,24.681976,50
120.78327,24.637379,80
120.78955,24.594868,60
120.79464,24.61392,60
120.81203,24.657776,80
120.81203,24.657776,80
120.832245,24.607538,60
120.82357,24.338886,60
120.823845,24.3246,60
120.8283,24.348303,60
120.842674,24.37388,60
120.86043,24.395475,60
120.86529,24.409588,60
120.86771,24.428797,60
120.81822,24.46855,80
120.835365,24.512255,60
120.78136,24.478888,60
120.78141,24.494358,60
120.80876,24.498888,60
120.80923,24.47729,80
120.955826,24.639528,60
120.85494,24.576845,50
120.74204,24.35014,60
120.74986,24.378527,60
120.77479,24.323368,50
120.839836,24.616726,50
120.845,24.646929,70
120.84604,24.622055,50
120.84835,24.624105,50
120.85055,24.625143,60
120.85221,24.653536,70
120.85721,24.632866,60
120.94928,24.616138,60
120.949905,24.619045,60
120.9586,24.604675,60
120.96546,24.665936,60
120.71483,23.803984,60
120.88974,24.476599,60
120.89901,24.488768,60
120.90236,24.498959,60
120.91459,24.529861,60
120.916466,24.52958,60
120.916466,24.52958,60
120.921745,24.5422,60
120.53111,24.08472,70
120.54472,24.07861,50
120.55056,24.09194,50
120.5525,24.07028,50
120.5525,24.08389,50
120.55556,24.02333,70
120.55722,24.09833,70
120.57575,24.093752,70
120.58028,24.10111,70
120.59235,24.036015,40
120.59366,24.07311,70
120.59444,24.08222,70
120.62194,24.04528,70
120.42038,24.081823,90
120.44583,24.08639,70
120.44806,24.09083,70
120.460785,24.074808,60
120.48998,24.12682,60
120.49588,24.114037,60
120.52417,24.09917,60
120.51881,24.153168,60
120.431015,24.048855,50
120.44422,24.03323,70
120.462975,24.046333,60
120.48861,24.01611,60
120.49667,24.050226,60
120.51111,24.05056,60
120.53299,24.050976,70
120.533295,24.051216,70
120.53889,24.02694,70
120.54389,24.02167,70
120.593765,24.034246,40
120.62687,24.010653,50
120.557594,23.971558,60
120.56619,23.957155,60
120.57598,23.947823,50
120.57929,23.92596,70
120.48286,23.93747,70
120.57679,23.86265,60
120.59444,23.84583,60
120.56194,23.94417,70
120.56361,23.98917,60
120.47615,23.997437,60
120.56222,23.95708,50
120.54631,23.922073,70
120.58377,23.893862,60
120.585,23.86278,60
120.61972,23.80611,50
120.62801,23.801483,60
120.67444,23.81694,50
120.51024,23.878145,60
120.51719,23.873512,50
120.50639,23.86167,50
120.50722,23.8625,70
120.46079,23.894117,70
120.46972,23.89861,70
120.476715,23.896597,70
120.47823,23.889475,60
120.53134,23.832464,60
120.3075,23.90333,70
120.323135,23.941116,90
120.32361,23.93417,70
120.32388,23.941944,90
120.33472,23.95222,70
120.340614,23.910868,60
120.34667,23.96417,70
120.35222,23.975,70
120.42628,23.862356,70
120.47028,23.83444,70
120.48311,23.848318,70
120.637566,23.91971,50
120.678246,23.930109,60
120.686226,23.93615,60
120.68987,23.888296,60
120.93184,23.94433,60
120.93764,23.948853,60
120.95306,23.970133,50
120.97403,23.956371,50
120.65508,23.963615,70
120.67785,24.00289,60
120.67963,23.996204,60
120.69843,23.97888,50
120.722466,23.996405,50
120.6793,23.757366,60
120.705376,23.808374,40
120.70938,23.789066,60
120.72166,23.82349,40
120.730965,23.834896,70
120.75247,23.828299,70
120.768555,23.73256,50
120.71774,23.894646,50
120.87654,23.662935,50
121.15568,24.045826,30
120.27286,23.774952,90
120.50823,23.691448,70
120.53308,23.695944,60
120.54649,23.699762,60
120.55062,23.717327,60
120.55256,23.680202,60
120.55346,23.702805,70
120.568954,23.717222,60
120.45189,23.673025,100
120.45193,23.67321,100
120.480835,23.679546,60
120.48086,23.68034,60
120.396,23.736464,60
120.43605,23.719143,60
120.44133,23.717178,60
120.458275,23.735708,60
120.488914,23.728313,70
120.43022,23.785646,60
120.44506,23.778845,60
120.47047,23.790655,50
120.47076,23.79007,50
120.35221,23.701073,70
120.38855,23.670492,60
120.2824,23.567465,60
120.2994,23.583763,60
120.32356,23.596136,60
120.45549,23.658314,60
120.46827,23.63372,70
120.46946,23.639185,70
120.494446,23.742592,60
120.49677,23.75775,70
120.506424,23.766708,60
120.508675,23.750402,60
120.644,23.770504,60
120.38286,23.800879,60
120.33265,23.767534,60
120.22894,23.77376,60
120.2346,23.792048,60
120.23678,23.79157,70
120.23916,23.791637,60
120.271,23.788769,60
120.278656,23.796333,60
120.24066,23.655548,60
120.253296,23.721405,60
120.25528,23.738638,60
120.25662,23.720882,60
120.25901,23.665485,50
120.30067,23.684862,100
120.3066,23.685007,100
120.32407,23.69827,70
120.324425,23.708206,70
120.20016,23.703785,50
120.20882,23.669996,60
120.220314,23.727283,90
120.30748,23.611443,60
120.337105,23.658632,60
120.22754,23.630302,60
120.15164,23.585243,90
120.16689,23.623926,70
120.32873,23.472519,70
120.254814,23.46616,50
120.4908,23.604876,60
120.43358,23.557116,50
120.43957,23.578737,70
120.32311,23.560371,60
120.32498,23.560232,60
120.292694,23.539839,50
120.19099,23.45666,70
120.38366,23.40862,70
120.38426,23.439138,70
120.39391,23.426891,50
120.56846,23.45109,60
120.553925,23.558527,60
120.53687,23.24949,40
120.447914,22.673306,60
120.45391,22.639193,70
120.45488,22.652136,70
120.47336,22.67714,40
120.482124,22.619041,60
120.48557,22.640203,70
120.49361,22.695242,70
120.497734,22.654818,60
120.49994,22.70484,70
120.51235,22.65938,50
120.51235,22.65938,50
120.51959,22.702332,60
120.52917,22.563972,50
120.54044,22.53663,70
120.54082,22.56965,60
120.55583,22.55167,70
120.58669,22.542807,60
120.4703,22.440039,40
120.478874,22.491724,60
120.481926,22.456896,70
120.49351,22.441694,40
120.7301,22.045582,70
120.74307,22.024391,60
120.75299,21.97737,70
120.7586,21.96524,70
120.483116,22.568169,50
120.48716,22.589525,50
120.49234,22.589718,70
120.49876,22.591784,50
120.53357,22.712818,50
120.53376,22.713966,60
120.53903,22.716288,50
120.54267,22.693243,60
120.585976,22.712639,60
120.5258,22.651611,50
120.48813,22.710312,50
120.48843,22.717932,70
120.48953,22.736687,50
120.49375,22.769915,50
120.498055,22.778225,50
120.50132,22.803162,50
120.50132,22.803162,60
120.506744,22.816883,50
120.51586,22.77706,50
120.55449,22.74935,60
120.59917,22.718996,70
120.620445,22.59836,60
120.55209,22.626106,70
120.5597,22.599407,50
120.5597,22.599407,70
120.55973,22.608566,70
120.578575,22.644043,60
120.510124,22.579426,70
120.522575,22.570126,90
120.52277,22.570349,90
120.54868,22.582087,70
120.54937,22.48785,50
120.54937,22.48785,60
120.600334,22.512333,50
120.60919,22.46825,60
120.59174,22.394459,70
120.60589,22.42014,60
120.440414,22.497778,70
120.4554,22.487032,70
120.45672,22.480722,50
120.46287,22.524467,60
120.46287,22.524467,70
120.46594,22.551575,60
120.49575,22.501558,50
120.51875,22.541096,50
120.51883,22.54065,50
120.5195,22.519917,60
120.52966,22.48964,50
120.55739,22.44863,70
120.56386,22.409676,60
120.57348,22.431042,70
120.71401,22.072859,50
120.62501,22.326096,70
120.688126,22.203466,70
120.69289,22.181366,70
120.70069,22.14475,50
120.70069,22.14475,50
120.60497,22.700777,40
120.631424,22.662312,50
120.64377,22.300001,70
120.74949,22.204988,40
120.80282,22.23517,40
120.803444,22.237247,40
120.81045,22.244919,70
120.81402,22.24568,70
121.0496,22.716475,60
121.05706,22.743982,70
121.05725,22.705956,70
121.07218,22.710924,50
121.07541,22.77143,60
121.09504,22.800642,60
121.102104,22.726719,70
121.105995,22.79259,60
121.10995,22.780073,50
121.12043,22.728712,70
121.13614,22.768127,60
121.137375,22.777983,60
121.17634,22.777752,60
121.19388,22.794315,60
121.31564,22.99692,60
121.33215,23.027685,50
121.3768,23.103252,50
121.383514,23.108957,50
121.39859,23.153486,50
121.14093,22.987513,60
121.16925,23.061531,60
121.063995,22.775743,40
121.090614,22.82124,60
121.09232,22.807804,60
121.09514,22.893963,60
121.0965,22.898182,60
121.14304,22.938217,60
121.1889,22.821447,50
121.202835,23.107685,60
121.21221,23.12015,50
121.2478,22.895144,50
121.26827,22.926645,50
121.29628,22.962713,50
121.374016,23.26661,50
121.41338,23.223274,50
121.41799,23.25344,50
121.42773,23.28243,70
121.46233,23.329168,50
121.47184,23.379984,50
120.945015,22.462353,50
120.965706,22.522211,60
120.99005,22.575094,60
120.99458,22.58744,60
121.00136,22.60339,60
121.012535,22.626123,70
121.028694,22.662472,60
121.03803,22.67261,60
121.043304,22.683693,60
120.89187,22.323227,70
120.907684,22.364502,60
120.91234,22.382149,60
120.829895,22.259438,70
120.83249,22.259487,70
120.84108,22.254738,40
120.86456,22.277948,40
120.87637,22.293703,70
120.88693,22.2947,60
121.599724,24.002083,0
121.61,23.989222,50
121.6183,24.006317,0
121.452415,23.74475,70
121.32008,23.3355,0
121.337,23.401556,60
121.369484,23.26736,50
121.608475,24.072582,70
121.55067,23.954082,50
121.56716,23.964924,60
121.569275,23.95881,60
121.569275,23.95881,60
121.58009,23.940998,60
121.5879,23.987082,0
121.48469,23.833263,70
121.50567,23.829111,70
121.50645,23.86327,70
121.53001,23.907051,50
121.56071,23.898764,70
121.56104,23.780403,50
121.60216,23.886194,60
121.41314,23.702278,70
121.4195,23.678417,60
121.517555,23.565529,40
121.534386,23.647057,60
121.36711,23.495083,70
121.368385,23.498083,70
121.38253,23.56691,60
121.24275,23.173555,60
121.3821,24.0702,70
121.63917,24.117222,60
121.65052,24.1578,60
121.74539,24.313862,50
121.750694,24.30211,50
119.57846,23.519648,50
119.58419,23.553822,50
119.58885,23.56912,50
119.58949,23.563833,50
119.60079,23.534658,70
119.60079,23.534658,70
119.60309,23.568865,50
119.603134,23.557316,50
119.60373,23.578081,50
119.60373,23.578081,50
119.6105,23.552406,50
119.61489,23.549904,50
119.619545,23.54831,50
119.6127,23.57036,70
119.613266,23.597082,70
119.63154,23.560314,50
119.63483,23.5608,50
119.63691,23.581766,50
119.64445,23.563566,50
119.656944,23.584229,50
119.65956,23.584875,50
119.667145,23.58425,40
119.5603,23.660503,70
119.57477,23.66744,70
119.58657,23.654982,50
119.59717,23.634432,50
119.599335,23.649065,50
119.60277,23.66645,40
119.61315,23.601107,50
119.50949,23.599384,50
119.51426,23.61425,70
119.52867,23.63674,70
121.77956,25.12413,60
121.77979,25.124203,60
121.74588,25.134869,50
121.74642,25.129612,50
121.74951,25.137762,50
121.753204,25.139427,40
121.75845,25.139378,40
121.777985,25.151018,50
121.79846,25.13211,50
121.799614,25.129747,50
121.68742,25.075933,50
121.69048,25.112968,40
121.6918,25.076023,60
121.6935,25.115122,80
121.69441,25.116095,80
121.69552,25.087847,50
121.69604,25.101782,50
121.69804,25.08034,50
121.69829,25.080408,50
121.69939,25.092577,50
121.703125,25.081993,50
121.70324,25.081923,50
121.707184,25.090446,50
121.71404,25.095709,50
121.726135,25.103292,50
121.726135,25.103992,50
121.73506,25.110722,50
121.75308,25.10187,80
121.754326,25.102283,80
121.73433,25.104801,50
121.737564,25.1053,50
121.73952,25.102694,50
121.74865,25.083538,40
121.75474,25.098783,50
121.75572,25.076906,40
121.75822,25.074478,40
121.762505,25.06859,50
121.73601,25.123318,50
121.74012,25.113022,50
121.74293,25.123219,50
121.74368,25.11819,50
121.7342,25.153727,50
121.737,25.13015,50
121.738014,25.147667,50
121.73884,25.141909,50
121.73922,25.133802,50
121.73923,25.141153,50
121.74045,25.13845,50
121.740974,25.136154,50
121.740974,25.138008,50
121.695404,25.157051,50
121.695755,25.156769,50
121.699745,25.149271,50
121.70003,25.148745,50
121.70153,25.162273,50
121.703316,25.141867,40
121.70965,25.14201,50
121.70991,25.141825,50
121.71468,25.13953,50
121.71967,25.12792,50
121.72058,25.133339,50
121.72226,25.120644,50
121.72526,25.122475,50
121.72644,25.116156,50
121.73231,25.1274,50
121.733025,25.12841,50
121.74495,25.131996,50
121.75589,25.128004,50
121.76861,25.128143,50
121.77779,25.127695,40
121.77931,25.124163,60
121.77956,25.12413,60
121.78308,25.12693,50
121.79007,25.12427,50
120.95478,24.829601,50
120.96173,24.762646,40
120.97268,24.794996,50
120.973694,24.80587,50
120.97511,24.788465,40
120.97564,24.825012,40
120.97689,24.803886,50
120.98113,24.814762,50
120.98239,24.788258,50
120.982635,24.810917,50
120.98313,24.809292,50
120.98529,24.788721,40
120.98677,24.801134,50
120.98689,24.822033,40
120.98927,24.812634,50
120.98983,24.800165,50
120.99061,24.817444,50
120.99342,24.81573,50
120.99802,24.795918,50
120.99819,24.774435,50
121.01323,24.79537,50
121.01837,24.784632,30
120.9245,24.818996,50
120.92646,24.811949,50
120.927216,24.832527,60
120.92734,24.827642,50
120.9341,24.845257,50
120.93412,24.842299,50
120.9342,24.842539,50
120.94274,24.844084,50
120.94409,24.838078,50
120.94431,24.833956,50
120.95176,24.832504,50
120.95555,24.805037,50
120.958046,24.807743,50
120.95854,24.830074,50
120.96524,24.817877,50
120.96534,24.817825,40
120.96576,24.812773,50
120.968094,24.820688,50
120.97796,24.823582,50
120.98121,24.821245,50
120.98553,24.814775,50
120.98728,24.815268,50
120.88559,24.736444,80
120.90828,24.742622,60
120.913246,24.76286,60
120.915436,24.731752,60
120.91577,24.767654,60
120.916664,24.720003,60
120.919,24.724194,60
120.919235,24.78108,60
120.919395,24.793509,80
120.92019,24.784409,60
120.92257,24.81397,60
120.92676,24.78748,60
120.92787,24.725458,50
120.92972,24.788622,60
120.9357,24.790733,60
120.93678,24.793715,50
120.93832,24.751755,50
120.945526,24.79362,60
120.948944,24.7953,60
120.94983,24.786226,70
120.95245,24.796486,50
120.95296,24.77316,70
120.953094,24.75506,50
120.9583,24.761814,70
120.44253,23.497126,50
120.44435,23.51212,50
120.4515,23.498264,50
120.46644,23.468079,50
120.47364,23.491884,50
120.473755,23.491804,50
120.49665,23.46444,50
120.39789,23.491566,50
120.40342,23.486872,70
120.403595,23.490175,50
120.42458,23.479553,50
120.425064,23.464802,50
120.43007,23.479925,50
120.4309,23.477198,50
120.43792,23.472664,50
120.438644,23.480522,50
120.43907,23.444014,50
120.44056,23.459938,50
120.44178,23.478798,50
120.442024,23.479103,50
120.44225,23.453062,50
120.449135,23.4687,50
121.54252,25.104025,40
121.54438,25.066849,40
121.55749,25.06205,50
121.5656,25.054245,50
121.568436,25.06195,50
121.56936,25.057697,50
121.55998,25.04131,50
121.56399,25.047602,50
121.57064,25.04102,50
121.52677,25.026665,50
121.53368,25.030283,50
121.53406,25.020033,50
121.53691,25.048212,50
121.53762,25.026205,70
121.53994,25.044518,40
121.54371,25.016603,50
121.545944,25.018555,60
121.54883,25.017244,50
121.5277,25.066557,70
121.53627,25.077879,50
121.53678,25.052633,70
121.540924,25.077658,50
121.54434,25.071774,40
121.566376,25.076668,50
121.50858,25.043074,50
121.515686,25.028524,50
121.51977,25.048206,80
121.52478,25.016891,60
121.53017,25.038351,50
121.53528,24.999609,60
121.53688,25.041674,50
121.50822,25.079073,60
121.51978,25.074602,50
121.52216,25.080551,50
121.48961,25.03056,50
121.49252,25.025856,0
121.49334,25.030352,0
121.49625,25.029882,0
121.49679,25.033098,50
121.49712,25.019234,50
121.49718,25.035309,50
121.50028,25.02806,0
121.50114,25.044512,50
121.5012,25.044579,60
121.50243,25.033422,0
121.50312,25.01948,60
121.50743,25.039843,50
121.53909,25.001425,50
121.54062,24.992655,50
121.551506,24.99144,50
121.557304,25.009743,50
121.581245,25.008957,70
121.58922,25.001392,0
121.59344,24.9989,50
121.58609,25.050062,50
121.59186,25.050976,50
121.61159,25.052607,50
121.61222,25.05411,50
121.613174,25.053974,50
121.614105,25.057318,50
121.56998,25.08173,50
121.58296,25.060823,50
121.586334,25.059874,80
121.59,25.074547,50
121.59766,25.067425,50
121.60028,25.077787,50
121.604034,25.083036,50
121.60418,25.071262,50
121.50743,25.082521,50
121.52306,25.08667,50
121.546036,25.10817,40
121.54652,25.132162,40
121.46587,25.130178,30
121.47776,25.122429,70
121.480316,25.122408,70
121.49684,25.13034,60
121.49871,25.107931,80
121.49899,25.106007,80
121.50257,25.114443,50
121.51186,25.104881,60
121.51211,25.103973,60
121.543755,25.164951,40
120.28924,22.62066,40
120.27578,22.659279,50
120.27912,22.620316,40
120.283264,22.659645,50
120.29224,22.65287,60
120.29231,22.657867,60
120.29245,22.662758,60
120.29248,22.657661,60
120.297325,22.654774,50
120.2999,22.661104,50
120.30026,22.66123,50
120.282486,22.681307,50
120.28997,22.670572,60
120.291405,22.67238,60
120.29584,22.677017,60
120.2974,22.678238,60
120.297554,22.67165,50
120.299515,22.674582,60
120.302666,22.687275,60
120.30272,22.692726,60
120.302864,22.689344,60
120.30315,22.665878,50
120.303406,22.669987,50
120.30349,22.683207,50
120.3045,22.672869,60
120.30538,22.674622,50
120.30621,22.684856,60
120.30643,22.68523,50
120.30761,22.68351,60
120.30762,22.68328,40
120.309616,22.668627,50
120.31378,22.679451,50
120.31905,22.67854,60
120.27737,22.722902,60
120.302536,22.707396,50
120.302734,22.711885,50
120.30323,22.725397,50
120.30393,22.717358,50
120.30421,22.722368,40
120.30689,22.722485,40
120.31007,22.719818,50
120.31035,22.726524,40
120.31959,22.734089,60
120.320145,22.732939,60
120.324486,22.707129,40
120.325356,22.717821,60
120.32598,22.714525,60
120.327446,22.743008,50
120.32995,22.723923,60
120.33213,22.721943,50
120.33286,22.735596,50
120.336876,22.740108,60
120.28429,22.647367,50
120.28611,22.643929,50
120.28768,22.64329,60
120.30907,22.650259,50
120.31007,22.649115,50
120.31153,22.656176,50
120.3142,22.642303,60
120.31434,22.644857,60
120.31469,22.64043,50
120.31487,22.64735,40
120.31492,22.666988,50
120.31495,22.649855,60
120.31608,22.663786,60
120.31617,22.663822,40
120.31624,22.659792,50
120.320015,22.65996,50
120.32043,22.639828,50
120.32313,22.67667,50
120.32344,22.676521,50
120.32359,22.676704,50
120.32543,22.647139,50
120.325516,22.650263,50
120.32598,22.6596,50
120.327484,22.670742,50
120.32843,22.659721,50
120.32851,22.639074,50
120.33165,22.63851,50
120.331825,22.649923,50
120.33226,22.641333,50
120.33385,22.638254,50
120.336784,22.63776,50
120.33778,22.637417,50
120.34492,22.638271,50
120.34639,22.644442,50
120.30146,22.627745,50
120.30685,22.627457,50
120.29697,22.626291,50
120.2942,22.620949,50
120.30265,22.619112,50
120.303604,22.616146,50
120.3182,22.628725,50
120.32004,22.630129,50
120.321106,22.62981,50
120.32181,22.633484,50
120.32502,22.629728,50
120.325806,22.620935,50
120.3359,22.623598,50
120.33634,22.62665,50
120.33671,22.630255,50
120.33822,22.629908,50
120.33946,22.625673,50
120.341866,22.624517,50
120.291794,22.60163,25
120.30485,22.606277,50
120.30548,22.611725,60
120.30554,22.593822,50
120.30589,22.602861,50
120.306015,22.592865,50
120.30663,22.587458,50
120.3075,22.592865,50
120.30864,22.596786,50
120.3092,22.604418,60
120.309494,22.59344,50
120.30965,22.583641,60
120.31083,22.593851,50
120.31139,22.59389,50
120.31456,22.563587,50
120.31474,22.594706,40
120.31543,22.595646,50
120.315796,22.61766,50
120.316284,22.595959,60
120.317055,22.608536,50
120.31856,22.592764,40
120.32055,22.606934,50
120.32304,22.567684,50
120.32374,22.603518,50
120.32535,22.60173,50
120.32565,22.584517,60
120.32586,22.575134,40
120.326035,22.578098,40
120.32649,22.583427,60
120.32679,22.612076,50
120.32882,22.580608,40
120.32949,22.580269,50
120.331924,22.576746,50
120.33317,22.602139,50
120.33857,22.605717,50
120.31196,22.561485,60
120.313225,22.562416,50
120.33221,22.561941,60
120.33443,22.55905,60
120.336555,22.571115,40
120.338646,22.528667,40
120.34073,22.58326,50
120.34606,22.521515,40
120.34622,22.583788,50
120.35012,22.568972,50
120.35067,22.568,40
120.35207,22.5666,50
120.35464,22.513891,40
120.356544,22.561512,50
120.35747,22.560804,60
120.35885,22.50964,50
120.35929,22.573195,40
120.362404,22.51092,50
120.370346,22.582222,50
120.373276,22.53604,60
120.376785,22.57036,50
120.38489,22.558119,50
120.39456,22.554989,50
120.341286,22.597889,50
120.341866,22.597925,50
120.344025,22.594791,60
120.34483,22.636532,70
120.346664,22.620205,60
120.35096,22.63744,70
120.35308,22.616306,60
120.35418,22.592106,40
120.35834,22.590328,60
120.35902,22.593834,60
120.359215,22.59445,60
120.35935,22.590372,60
120.360016,22.598097,60
120.36204,22.614567,50
120.363304,22.635294,70
120.365395,22.618025,40
120.368355,22.623114,50
120.37215,22.624784,50
120.3628,22.510351,50
120.36288,22.510414,40
120.3961,22.500326,60
120.39701,22.52201,60
120.405396,22.534346,60
120.37998,22.589094,60
120.38432,22.589376,60
120.38517,22.631304,50
120.40384,22.561409,50
120.40461,22.586405,60
120.40463,22.586277,40
120.40737,22.581043,70
120.40881,22.640905,70
120.409294,22.58654,90
120.40993,22.574074,70
120.411415,22.547424,70
120.41329,22.641577,70
120.41476,22.532354,60
120.419685,22.591167,60
120.42427,22.625746,60
120.43338,22.592665,90
120.433495,22.569546,50
120.423904,22.694601,50
120.43045,22.775007,50
120.439255,22.70776,70
120.35747,22.730787,50
120.35988,22.725449,60
120.360504,22.732006,60
120.37544,22.735556,40
120.321556,22.692112,40
120.32345,22.70101,60
120.33939,22.710386,60
120.34047,22.68022,50
120.345924,22.67725,50
120.34936,22.693321,60
120.35326,22.686092,60
120.35793,22.694105,60
120.35851,22.676083,60
120.359085,22.675001,60
120.359764,22.701334,60
120.36052,22.703672,60
120.364,22.702818,60
120.39001,22.715528,60
120.34072,22.659094,40
120.341576,22.665306,40
120.34302,22.669724,40
120.3652,22.653227,60
120.27358,22.817284,60
120.29846,22.796618,50
120.30418,22.785051,60
120.31085,22.807526,60
120.31535,22.786663,60
120.315475,22.832905,50
120.31752,22.836243,60
120.301926,22.757471,50
120.30529,22.768,70
120.30574,22.767155,60
120.30955,22.759935,60
120.311584,22.754934,60
120.35628,22.755226,50
120.362366,22.78693,60
120.36395,22.758595,60
120.37463,22.764708,50
120.391426,22.772251,50
120.40064,22.772306,60
120.40055,22.89416,50
120.42328,22.887613,50
120.30801,22.87795,60
120.32285,22.84498,60
120.22742,22.86191,70
120.26041,22.880974,60
120.261246,22.854364,70
120.264824,22.836018,60
120.266075,22.829268,60
120.28646,22.831896,50
120.29253,22.878794,50
120.22501,22.876429,70
120.244675,22.886343,60
120.210884,22.876348,60
120.24047,22.818577,70
120.2433,22.808031,60
120.460945,22.805735,70
120.462395,22.836103,70
120.4732,22.883623,50
120.48113,22.898966,60
120.4855,22.887808,50
120.4934,22.91339,60
120.51985,22.896793,60
120.53655,22.912996,50
120.5492,22.870377,50
120.57057,22.878002,60
120.57328,22.875542,60
120.62428,22.88964,50
120.62668,22.897558,60
120.63828,22.980103,50
120.421616,22.924803,50
120.45236,22.925508,50
120.46079,22.917,60
120.4677,22.949362,60
120.46819,23.000528,60
121.42829,24.98137,50
121.428825,24.97892,50
121.428825,25.02376,70
121.4414,25.00533,50
121.44253,25.011337,50
121.44407,25.014826,50
121.44752,25.018425,80
121.451645,25.006397,80
121.46539,25.02834,60
121.47163,25.01877,60
121.476,25.0342,50
121.47617,25.01205,50
121.479195,25.035868,50
121.48396,25.0208,50
121.46712,25.04094,50
121.47961,25.0615,50
121.48569,25.04718,70
121.486145,25.047405,70
121.49302,25.051329,50
121.49335,25.087778,50
121.49428,25.08842,50
121.49623,25.05448,50
121.49716,25.0851,50
121.49908,25.08245,50
121.48011,25.010181,50
121.481735,25.010017,70
121.48879,25.01107,50
121.49166,24.994188,70
121.50045,24.993511,50
121.5057,24.993586,70
121.51487,25.018326,50
121.52476,25.009336,50
121.40076,25.03016,50
121.40719,25.03951,50
121.4128,25.02532,60
121.41299,25.02524,60
121.44116,25.02238,50
121.44227,25.051294,50
121.44227,25.051294,60
121.44229,25.043856,50
121.44257,25.05136,50
121.46105,25.037607,50
121.46546,25.04016,50
121.47379,24.94202,40
121.47897,24.94604,40
121.516556,24.985771,50
121.51862,24.97459,50
121.52319,24.979986,60
121.52539,24.97538,60
121.52834,24.96195,50
121.53375,24.970173,60
121.53566,24.96928,60
121.53719,24.96601,60
121.53937,24.9552,50
121.54108,24.98511,50
121.54197,24.96343,50
121.54414,24.98054,50
121.544914,24.97905,50
121.54501,24.953,50
121.54603,24.94848,50
121.54616,24.975492,50
121.54935,24.92282,50
121.55339,24.95332,50
121.55815,24.95412,50
121.38438,24.96717,50
121.39155,24.96859,50
121.40145,24.97537,50
121.4094,25.01724,50
121.41068,25.01503,50
121.412865,24.984545,50
121.41573,24.98965,50
121.41921,24.99423,50
121.41944,24.973124,50
121.41945,24.9945,50
121.4223,24.99799,50
121.42626,25.00048,50
121.428055,24.998964,40
121.33123,24.96697,50
121.33556,24.93945,40
121.33842,24.9639,50
121.34403,24.94919,50
121.35978,24.95708,50
121.36482,24.956474,50
121.21386,24.51366,40
121.2217,24.53442,40
121.36589,24.91237,50
121.36717,24.93909,50
121.37177,24.92681,50
121.37335,24.90288,40
121.40395,24.93368,50
121.41125,24.92973,50
121.42269,24.95929,50
121.42269,24.95929,50
121.44138,24.92619,40
121.45453,24.93204,40
121.43209,25.17489,50
121.43573,25.17334,50
121.44647,25.19337,70
121.44685,25.19218,70
121.45022,25.21866,60
121.45065,25.21363,60
121.45203,25.22415,50
121.45243,25.16272,50
121.45485,25.15961,50
121.45941,25.15328,50
121.45947,25.15466,50
121.64021,25.05999,50
121.64259,25.06111,50
121.65135,25.06157,50
121.66457,25.06671,50
121.67155,25.07699,50
121.674904,25.065943,50
121.68126,25.06842,60
121.68333,25.07278,50
121.77496,25.10369,50
121.77542,25.115238,60
121.79625,25.11272,40
121.80344,25.117428,80
121.80344,25.117428,80
121.80405,25.10624,50
121.80943,25.10765,50
121.81608,25.12807,50
121.81609,25.12807,50
121.81937,25.10755,40
121.86391,25.122484,50
121.88808,25.12077,50
121.91718,25.1212,50
121.40913,24.94975,50
121.41591,24.9646,50
121.41621,24.96472,50
121.42566,24.96286,50
121.43242,24.965454,50
121.43305,24.97264,50
121.4378,24.980923,60
121.4378,24.980923,60
121.43934,24.983744,50
121.44939,24.97739,50
121.4508,24.97889,50
121.4508,24.97889,50
121.4508,24.97889,50
121.45098,24.97919,50
121.45572,25.08899,50
121.46128,25.09364,50
121.47416,25.09737,50
121.443245,25.086462,50
121.44501,25.08844,50
121.44712,25.091421,50
121.4484,25.09222,80
121.40171,25.05661,50
121.41264,25.06889,50
121.42583,25.055712,30
121.42754,25.037806,60
121.30524,25.122051,90
121.36106,25.073347,50
121.361244,25.133865,50
121.361244,25.133865,90
121.36435,25.072107,50
121.3659,25.078018,50
121.365906,25.078018,50
121.37455,25.076698,50
121.375435,25.077879,50
121.3755,25.07277,50
121.375755,25.08959,50
121.37601,25.07579,50
121.376305,25.07571,50
121.37809,25.08505,50
121.37872,25.083277,50
121.385574,25.085184,50
121.3864,25.07677,50
121.5646,24.98839,50
121.60351,24.99938,60
121.62653,24.99899,60
121.63132,25.0059,60
121.61673,24.959364,40
121.63567,24.954155,40
121.6478,24.95029,40
121.64866,25.00944,40
121.657745,25.006935,40
121.70452,24.93552,40
121.71017,24.93531,40
121.71682,24.91096,40
121.45681,25.23803,60
121.45966,25.24675,70
121.47009,25.25102,60
121.47048,25.25127,60
121.48248,25.26376,70
121.48618,25.26219,70
121.49248,25.26003,50
121.50133,25.26166,50
121.51954,25.282288,60
121.52016,25.282724,70
121.56132,25.29087,50
121.56444,25.29096,50
121.56831,25.29364,70
121.58202,25.29516,70
121.37247,25.13779,50
121.38171,25.140436,50
121.39,25.142183,50
121.39082,25.125595,40
121.39316,25.13898,50
121.40382,25.12744,80
121.407,25.15088,50
121.419426,25.159758,0
121.42313,25.15879,50
121.42549,25.15932,50
121.42912,25.15905,50
121.43447,25.158358,50
121.4407,25.1531,50
121.44286,25.15061,50
121.44574,25.14726,50
121.45009,25.13583,50
121.45138,25.13019,50
121.45154,25.13205,50
121.45458,25.12329,50
121.45556,25.121183,50
121.45757,25.11525,50
121.79376,25.01914,50
121.830345,25.02876,60
121.86508,25.032803,40
121.90777,25.017883,50
121.91446,25.07952,60
121.92373,25.05334,50
121.9239,25.05363,50
121.92655,25.04003,60
121.94097,25.01935,50
121.98017,25.02287,60
121.62368,25.27129,50
121.62376,25.21971,50
121.63158,25.239101,50
121.63168,25.22149,70
121.63982,25.21736,60
121.6465,25.21225,50
121.65275,25.20877,60
121.66111,25.20677,70
121.6776,25.20037,50
121.68391,25.19181,50
121.68742,25.18376,60
120.67897,24.147018,50
120.68188,24.135622,50
120.69571,24.134548,50
120.69571,24.134548,50
120.69949,24.149633,50
120.69949,24.149633,50
120.70936,24.135723,50
120.6484,24.111053,60
120.6484,24.111053,60
120.658005,24.117344,50
120.660736,24.110003,60
120.660736,24.110003,60
120.66404,24.12225,50
120.66404,24.12225,50
120.67933,24.122667,50
120.68229,24.119066,50
120.68229,24.119066,50
120.657326,24.13757,50
120.657326,24.13757,50
120.65734,24.14457,50
120.6599,24.156784,60
120.66449,24.128283,50
120.66449,24.128283,50
120.66702,24.141409,50
120.68129,24.16301,50
120.684265,24.150146,50
120.6851,24.165606,50
120.68655,24.154957,50
120.69855,24.152458,50
120.69855,24.152458,50
120.59475,24.196201,50
120.59475,24.196201,50
120.5978,24.1819,50
120.5978,24.1819,50
120.6022,24.1827,50
120.60272,24.182938,40
120.60414,24.18653,50
120.60414,24.18653,50
120.60799,24.203812,40
120.61238,24.209778,60
120.6128,24.1901,50
120.6128,24.1901,50
120.61284,24.186693,50
120.61284,24.186693,50
120.617775,24.16113,50
120.619835,24.181044,50
120.62116,24.171976,50
120.62116,24.171976,50
120.627754,24.201817,50
120.63082,24.167393,60
120.63082,24.167393,60
120.63997,24.158367,60
120.63997,24.158367,60
120.640724,24.164879,60
120.64267,24.19317,60
120.64267,24.19317,60
120.64392,24.191656,50
120.644775,24.194983,80
120.650085,24.197182,80
120.650085,24.197182,80
120.65583,24.199211,50
120.66065,24.172567,50
120.58719,24.161362,60
120.60441,24.151878,60
120.60441,24.151878,60
120.60922,24.138643,50
120.60922,24.138643,50
120.611015,24.154503,50
120.611015,24.154503,50
120.619804,24.129442,80
120.619804,24.129442,80
120.6232,24.149775,40
120.62328,24.147081,60
120.62328,24.147081,60
120.623505,24.144829,40
120.62725,24.145042,50
120.62725,24.145042,50
120.62967,24.12745,60
120.62967,24.12745,60
120.630356,24.146921,50
120.630356,24.146921,50
120.630775,24.13873,50
120.630974,24.138615,50
120.647316,24.150768,50
120.67149,24.192783,50
120.674286,24.181917,50
120.674286,24.181917,50
120.68546,24.172531,50
120.6867,24.203175,60
120.6867,24.203175,60
120.706024,24.164804,60
120.71065,24.176659,50
120.71065,24.176659,50
120.71065,24.176659,50
120.71781,24.163551,60
120.71781,24.163551,60
120.71781,24.163551,60
120.71834,24.188057,50
120.71834,24.188057,50
120.71834,24.188057,50
120.71938,24.163439,40
120.72484,24.180975,50
120.72484,24.180975,50
120.72484,24.180975,50
120.73345,24.167746,50
120.73345,24.167746,50
120.73518,24.176296,50
120.73518,24.176296,50
120.73828,24.176615,50
120.73828,24.176615,50
120.76548,24.198912,50
120.76548,24.198912,50
120.706635,24.24755,60
120.706635,24.256582,60
120.71295,24.277452,50
120.71295,24.277452,50
120.72356,24.26045,50
120.72574,24.264332,60
120.72574,24.264332,60
120.7364,24.24755,60
120.7364,24.24755,60
120.736855,24.261272,50
120.75961,24.277002,50
120.79997,24.291922,60
120.79997,24.291922,60
120.834564,24.237774,60
120.83711,24.221622,60
120.83718,24.222034,60
120.83718,24.222034,60
120.608826,24.32607,70
120.608826,24.32607,70
120.61697,24.347183,60
120.61876,24.35378,60
120.6228,24.356602,60
120.64362,24.408592,70
120.651505,24.382694,70
120.54493,24.301151,50
120.55248,24.294132,70
120.56402,24.296701,70
120.56481,24.271301,60
120.56591,24.320395,90
120.566574,24.267813,70
120.57553,24.27849,70
120.58682,24.303308,70
120.58682,24.303308,70
120.58764,24.291664,70
120.559746,24.210121,60
120.559746,24.210121,60
120.56767,24.238121,60
120.56995,24.201292,50
120.56995,24.201292,50
120.57095,24.2419,60
120.57222,24.19513,50
120.57241,24.232698,60
120.57241,24.232698,60
120.57488,24.253681,60
120.57488,24.253681,60
120.5771,24.2254,60
120.580826,24.216763,60
120.58471,24.25025,60
120.58471,24.25025,60
120.60923,24.24623,70
120.60923,24.24623,70
120.52082,24.252245,60
120.52259,24.255108,50
120.52294,24.218498,90
120.53942,24.258165,60
120.548325,24.236662,70
120.548325,24.236662,70
120.72255,24.284721,60
120.72295,24.321606,50
120.723434,24.29135,60
120.723434,24.29135,60
120.7308,24.33512,60
120.7308,24.33512,60
120.7323,24.3199,50
120.7324,24.2915,50
120.675,24.240812,60
120.675,24.240812,60
120.69065,24.22982,60
120.69065,24.22982,60
120.68834,24.21576,60
120.70297,24.198017,60
120.70297,24.198017,60
120.70532,24.210285,60
120.70861,24.22941,60
120.70975,24.20075,80
120.70975,24.20075,80
120.70982,24.200447,80
120.70982,24.200447,80
120.72174,24.209267,50
120.72174,24.209267,50
120.72229,24.210611,50
120.72229,24.210611,50
120.62186,24.207615,60
120.63207,24.205421,60
120.63207,24.205421,60
120.67085,24.215734,50
120.67085,24.215734,50
120.773125,24.27559,70
120.77903,24.27415,70
120.78272,24.275433,70
120.78272,24.275433,70
120.79112,24.27301,70
120.36817,24.06411,70
120.38841,24.0466,60
120.38841,24.0466,60
120.59575,24.11225,70
120.59575,24.11225,70
120.60754,24.108591,70
120.637,24.09453,60
120.637,24.09453,60
120.647896,24.086382,60
120.6498,24.10689,50
120.65213,24.10482,50
120.542145,24.169611,70
120.54904,24.146513,70
120.48009,24.208727,50
120.497734,24.220963,50
120.51382,24.198784,60
120.537636,24.219357,60
120.537636,24.219357,60
120.53984,24.208696,70
120.53984,24.208696,70
120.54306,24.176163,70
120.54362,24.178783,70
120.54362,24.178783,70
120.57346,24.18763,50
120.57871,24.187832,60
120.57916,24.176645,60
120.57916,24.176645,60
120.57993,24.192793,70
120.57993,24.192793,70
120.41613,24.02899,70
120.41613,24.02899,70
120.41993,24.04543,50
120.65812,24.087242,60
120.65812,24.087242,60
120.68192,24.037436,70
120.68192,24.037436,70
120.68279,24.036856,70
120.68279,24.036856,70
120.70977,24.1347,40
120.70988,24.136902,80
120.70988,24.136902,80
120.712036,24.14412,50
120.71485,24.149885,80
120.71485,24.149885,80
120.71678,24.154285,50
120.71678,24.154285,50
120.72522,24.15363,50
120.72522,24.15363,50
120.40692,24.0522,60
120.40692,24.0522,60
120.40746,24.0669,50
120.40746,24.0669,50
120.41064,24.05835,50
120.41064,24.05835,50
120.41471,24.06039,60
120.66426,24.089636,70
120.66426,24.089636,70
120.66457,24.09063,70
120.66457,24.09063,70
120.665726,24.106167,60
120.300354,23.319435,50
120.32573,23.308907,50
120.3359,23.309875,50
120.20978,23.263838,70
120.241684,23.29279,50
120.36489,23.374134,70
120.37534,23.388468,70
120.2939,23.282194,60
120.32532,23.27626,70
120.400185,23.310371,50
120.51807,23.24088,40
120.52249,23.24212,40
120.52639,23.24631,40
120.21999,23.176996,60
120.25361,23.189913,60
120.25403,23.176693,50
120.31245,23.253683,70
120.31561,23.24004,70
120.30732,23.214054,50
120.42545,23.142551,90
120.18567,23.211151,50
120.19251,23.142836,70
120.124985,23.189188,70
120.131676,23.104435,70
120.133705,23.175344,70
120.13461,23.159895,70
120.12972,23.294575,90
120.29865,23.055922,70
120.32138,23.038275,50
120.33201,23.061539,60
120.272125,23.121284,60
120.27259,23.109247,0
120.273506,23.117811,60
120.273605,23.117603,60
120.27492,23.114704,60
120.27672,23.110853,0
120.27739,23.119776,0
120.28151,23.112717,0
120.282555,23.090631,0
120.28986,23.104445,0
120.290016,23.104391,60
120.33078,23.123919,60
120.33444,23.150946,70
120.26776,23.093756,0
120.2762,23.075253,0
120.28029,23.102247,0
120.2803,23.102236,60
120.28104,23.098495,60
120.28252,23.090643,60
120.282524,23.090633,0
120.28282,23.088713,60
120.284904,23.103241,0
120.284904,23.103241,60
120.2877,23.101562,30
120.29493,23.099846,70
120.310776,23.09386,70
120.210495,23.084492,50
120.22924,23.094667,50
120.45011,23.12476,70
120.45354,23.122286,70
120.46526,23.120522,50
120.48853,23.155445,70
120.49526,23.21866,40
120.4968,23.21025,40
120.50452,23.23226,40
120.51041,23.23555,40
120.47022,23.013083,60
120.486984,23.086584,60
120.38012,23.067501,60
120.21165,22.927332,90
120.22093,22.931923,70
120.2212,22.939863,70
120.225494,22.920004,50
120.24821,22.972763,50
120.27526,22.94757,70
120.28728,23.011648,70
120.303055,22.965597,50
120.30967,22.988716,60
120.31324,22.97128,70
120.35717,22.96794,50
120.42066,22.929552,50
120.23383,23.008518,50
120.24956,22.998642,50
120.26064,23.027317,50
120.212296,22.980795,50
120.220146,23.000835,60
120.22442,22.99815,50
120.229164,22.9808,60
120.23394,22.99264,60
120.23424,22.994543,60
120.23616,22.962046,40
120.169586,22.958733,50
120.1741,22.947441,60
120.176,22.937895,50
120.17664,22.930405,70
120.17872,22.964375,60
120.181496,22.941,50
120.183876,22.9588,60
120.18389,22.967249,60
120.18413,22.975246,60
120.18443,22.95056,50
120.18476,22.923483,50
120.189156,22.961212,50
120.192085,22.98797,50
120.19253,22.96194,60
120.19549,22.945978,60
120.20016,22.964825,60
120.209946,22.9689,50
120.19698,23.019335,60
120.200386,23.012684,50
120.20602,23.02185,60
120.21203,23.013504,40
120.212944,23.001534,50
120.22248,23.002623,50
120.13247,23.018547,70
120.13401,23.06104,70
120.13506,23.074215,70
120.145706,23.049866,70
120.14962,23.078297,50
120.17002,23.06164,70
120.17903,23.017673,70
120.1884,23.04589,60
120.18961,23.052488,60
120.193634,23.07735,60
120.20804,23.046125,60
120.21477,23.067614,60
120.22557,23.051445,50
120.23261,23.058355,50
120.17719,22.983109,50
120.200134,22.997572,50
120.21107,22.99729,40
121.1744,24.990446,50
121.22139,24.99278,50
121.22935,25.002476,50
121.25115,24.952522,50
121.32065,25.005974,70
121.32065,25.005974,70
121.32065,25.005974,50
121.32065,25.005974,50
121.259544,24.911953,50
121.266235,24.826963,60
121.27612,24.876352,60
121.28098,24.913181,50
121.262245,24.989258,50
121.26936,25.037064,50
121.2712,25.014542,50
121.27488,25.058174,60
121.30809,25.081982,50
121.312965,25.05524,40
121.22364,25.045202,50
121.22389,25.04333,50
121.350945,25.021685,60
121.36444,25.02222,60
121.37118,25.040699,50
121.37663,25.042246,50
121.37753,25.04554,50
121.37833,25.01139,50
121.382385,25.00955,50
121.38944,25.00944,50
121.39306,25.01667,50
121.29749,24.943516,50
121.318436,24.960634,50
121.18405,24.82604,40
121.218094,24.861322,60
121.22926,24.849716,50
121.238655,24.826025,60
121.1875,24.96028,50
121.19182,24.926605,50
121.201645,24.937542,50
121.21083,24.89806,50
121.226,24.896788,50
121.12517,24.972265,50
121.14574,24.90688,50
121.2277,25.055984,50
120.2315,23.16412,110
120.23468,23.137453,110
120.23653,23.20419,110
120.23672,23.20487,110
120.2493,23.026245,110
120.249374,23.011911,110
120.25174,23.082615,110
120.26014,22.918657,110
120.26733,23.27464,110
120.27043,22.896294,110
120.27128,23.278519,110
120.28468,22.867977,110
120.30684,23.334305,110
120.328354,22.585747,60
120.328735,22.677532,110
120.32915,22.586142,60
120.3321,22.759113,110
120.33219,22.7585,110
120.35525,23.397736,110
120.35529,23.38762,110
120.401024,24.124218,110
120.40404,23.51677,110
120.405815,23.527653,110
120.42849,23.581106,110
120.43435,23.597475,110
120.44377,23.641596,110
120.47608,23.712355,110
120.48427,23.84565,110
120.48481,23.831924,110
120.52377,24.053078,110
120.59749,24.113134,110
120.673164,24.214231,110
120.693085,24.273296,110
120.74645,24.37083,100
120.78804,24.462055,100
120.85275,24.570803,100
120.86044,24.592031,100
120.94732,24.726902,100
120.96852,24.736074,100
121.04609,24.876558,100
121.08215,24.88472,100
121.19353,24.941029,100
121.19477,24.945833,100
121.21667,24.970358,100
121.332634,25.060703,100
121.38388,25.065002,100
121.42388,25.066257,50
121.42437,25.067223,50
121.466354,25.075937,100
121.47129,25.075502,100
121.53301,25.042383,110
121.536865,25.07305,100
121.60144,25.064278,100
121.60169,25.063948,100
121.61644,25.065916,100
121.62495,25.066725,100
121.68071,25.085808,100
121.72474,25.106857,100
121.72534,25.107763,100
121.21719,25.049833,100
121.21739,25.049723,100
121.21739,25.049723,100
121.2518,25.028276,100
121.282974,24.99567,100
121.32486,24.959269,100
120.329216,23.083382,110
120.33847,22.97058,110
120.35549,23.201338,110
120.36923,22.862396,110
120.38294,22.84931,110
120.407295,23.298801,110
120.44159,22.769218,110
120.47148,22.758017,110
120.50546,23.570353,110
120.52481,22.508148,110
120.524925,22.507158,110
120.54876,24.17851,110
120.56188,24.190897,110
120.59093,24.229563,110
120.59371,24.236176,110
120.5988,23.692923,110
120.60209,24.293697,110
120.62855,24.330593,110
120.628716,23.774883,110
120.63864,24.071049,110
120.65042,23.999996,110
120.67839,24.453047,110
120.68793,23.777445,110
120.705086,23.869972,110
120.71315,24.507294,110
120.779076,24.591295,110
120.85332,24.691969,110
120.85779,24.69619,110
120.89375,24.714918,110
120.92539,24.746012,110
121.149864,24.807201,110
121.25546,24.881098,110
121.304276,24.924303,110
121.45628,24.975258,100
121.465515,24.977514,100
121.53064,24.962175,90
121.57083,24.976095,90
121.59263,24.992199,90
121.610565,25.02955,90
121.62579,25.046879,90
121.647484,25.078312,90
121.68526,25.110235,90
121.78095,24.791565,90
120.62779,24.305094,100
121.65255,24.994558,80
121.70153,24.949272,80
121.72434,24.925926,90
121.72481,24.92628,90
121.73286,24.916126,90
121.733315,24.91648,90
121.74336,24.907925,90
121.74382,24.908276,90
121.75373,24.899525,90
121.75418,24.89985,90
121.761765,24.88923,90
121.762215,24.889566,90
121.76942,24.87876,90
121.769875,24.879107,90
121.77889,24.869598,90
121.779335,24.869923,90
121.78095,24.791565,90
121.788055,24.860128,90
121.78834,24.860365,90
121.80556,24.63743,90
120.778725,23.985535,100
120.80137,23.996187,100
120.89099,23.9811,100
120.98814,23.982555,100
120.20962,23.089607,100
120.4044,22.770048,100
120.40675,22.770908,100
121.56336,25.010769,80
121.57856,25.005106,80
121.73204,25.15298,50
