121.28098,24.913181,Q,50,road
121.37118,25.040699,Q,50,road
121.37663,25.042246,Q,50,road
121.2277,25.055984,Q,50,road
121.22364,25.045202,Q,50,road
121.32065,25.005974,Q,50,road
121.22139,24.99278,Q,50,road
121.259544,24.911953,Q,50,road
121.238655,24.826025,Q,60,road
121.30809,25.081982,Q,50,road
121.12517,24.972265,Q,50,road
121.1744,24.990446,Q,50,road
121.22935,25.002476,Q,50,road
121.201645,24.937542,Q,50,road
121.22926,24.849716,Q,50,road
121.32065,25.005974,Q,50,road
121.218094,24.861322,Q,60,road
121.350945,25.021685,Q,60,road
121.38944,25.00944,Q,50,road
121.37833,25.01139,Q,50,road
121.27488,25.058174,Q,60,road
121.32065,25.005974,Q,70,road
121.2712,25.014542,Q,50,road
121.262245,24.989258,Q,50,road
121.318436,24.960634,Q,50,road
121.26936,25.037064,Q,50,road
121.27612,24.876352,Q,60,road
121.1875,24.96028,Q,50,road
121.18405,24.82604,Q,40,road
121.21083,24.89806,Q,50,road
121.226,24.896788,Q,50,road
121.266235,24.826963,Q,60,road
121.36444,25.02222,Q,60,road
121.312965,25.05524,Q,40,road
120.59444,24.08222,D,70,freeway
120.19099,23.45666,D,70,freeway
120.83144,24.551407,D,70,freeway
120.45011,23.12476,D,70,freeway
120.31324,22.97128,D,70,freeway
120.619804,24.129442,D,80,freeway
120.619804,24.129442,D,80,freeway
120.81203,24.657776,D,80,freeway
120.81203,24.657776,D,80,freeway
120.81822,24.46855,D,80,freeway
120.42545,23.142551,D,90,freeway
120.879974,24.686905,D,30,road
120.49351,22.441694,D,40,road
120.4703,22.440039,D,40,road
120.80282,22.23517,D,40,road
120.705376,23.808374,D,40,road
120.72166,23.82349,D,40,road
120.47336,22.67714,D,40,road
120.52249,23.24212,D,40,road
120.59235,24.036015,D,40,road
120.593765,24.034246,D,40,road
120.60497,22.700777,D,40,road
121.063995,22.775743,D,40,road
120.86456,22.277948,D,40,road
120.84108,22.254738,D,40,road
120.4968,23.21025,D,40,road
120.49526,23.21866,D,40,road
120.50452,23.23226,D,40,road
120.77479,24.323368,D,50,road
120.744514,24.345043,D,50,road
120.400185,23.310371,D,50,road
120.631424,22.662312,D,50,road
121.74223,24.700827,D,50,road
121.69604,25.101782,D,50,road
120.43045,22.775007,D,50,road
120.90152,24.692188,D,50,road
120.97137,24.84157,D,50,road
120.71774,23.894646,D,50,road
120.630356,24.146921,D,50,road
120.611015,24.154503,D,50,road
120.94409,24.838078,D,50,road
120.14962,23.078297,D,50,road
120.72522,24.15363,D,50,road
121.375435,25.077879,D,50,road
120.24821,22.972763,D,50,road
120.31007,22.719818,D,50,road
121.92609,24.970085,D,50,road
121.89127,24.939224,D,50,road
121.86346,24.900974,D,50,road
120.506744,22.816883,D,50,road
120.49375,22.769915,D,50,road
121.80645,24.46758,D,50,road
121.79366,24.462545,D,50,road
121.55749,25.06205,D,50,road
121.59766,25.067425,D,50,road
120.28429,22.647367,D,50,road
120.169586,22.958733,D,50,road
121.08006,24.747807,D,50,road
120.657326,24.13757,D,50,road
120.66449,24.128283,D,50,road
120.51586,22.77706,D,50,road
121.783035,24.720304,D,50,road
121.80265,24.719269,D,50,road
121.748116,24.719,D,50,road
121.738594,24.714243,D,50,road
121.79603,24.84921,D,50,road
121.810684,24.818115,D,50,road
121.55998,25.04131,D,50,road
120.68229,24.119066,D,50,road
120.657326,24.13757,D,50,road
121.51978,25.074602,D,50,road
121.52216,25.080551,D,50,road
121.540924,25.077658,D,50,road
121.10995,22.780073,D,50,road
120.3359,23.309875,D,50,road
120.722466,23.996405,D,50,road
120.69571,24.134548,D,50,road
120.630356,24.146921,D,50,road
120.611015,24.154503,D,50,road
120.66404,24.12225,D,50,road
120.68229,24.119066,D,50,road
120.66404,24.12225,D,50,road
120.53357,22.712818,D,50,road
120.53903,22.716288,D,50,road
120.69571,24.134548,D,50,road
120.66449,24.128283,D,50,road
120.81608,24.551743,D,50,road
121.515686,25.028524,D,50,road
120.97403,23.956371,D,50,road
120.95306,23.970133,D,50,road
120.49575,22.501558,D,50,road
120.72522,24.15363,D,50,road
120.768555,23.73256,D,50,road
120.438644,23.480522,D,50,road
120.425064,23.464802,D,50,road
120.43907,23.444014,D,50,road
120.40384,22.561409,D,50,road
120.600334,22.512333,D,50,road
121.49712,25.019234,D,50,road
120.49876,22.591784,D,50,road
120.483116,22.568169,D,50,road
120.44178,23.478798,D,50,road
120.442024,23.479103,D,50,road
121.39859,23.153486,D,50,road
121.383514,23.108957,D,50,road
121.3768,23.103252,D,50,road
121.33215,23.027685,D,50,road
121.29628,22.962713,D,50,road
121.26827,22.926645,D,50,road
121.2478,22.895144,D,50,road
121.1889,22.821447,D,50,road
121.47184,23.379984,D,50,road
121.46233,23.329168,D,50,road
121.41799,23.25344,D,50,road
121.41338,23.223274,D,50,road
120.84604,24.622055,D,50,road
120.81373,24.557383,D,50,road
120.32138,23.038275,D,50,road
121.374016,23.26661,D,50,road
121.21221,23.12015,D,50,road
120.945015,22.462353,D,50,road
120.52917,22.563972,D,50,road
121.78717,24.830685,D,50,road
120.74204,24.35014,D,60,road
120.38855,23.670492,D,60,road
120.55256,23.680202,D,60,road
120.43022,23.785646,D,60,road
120.20882,23.669996,D,60,road
120.337105,23.658632,D,60,road
121.80138,24.828068,D,60,road
121.784225,24.789581,D,60,road
121.67725,24.677273,D,60,road
121.71839,24.687069,D,60,road
120.38286,23.800879,D,60,road
120.4908,23.604876,D,60,road
120.45549,23.658314,D,60,road
121.03471,24.697115,D,60,road
120.19698,23.019335,D,60,road
120.20016,22.964825,D,60,road
120.99152,24.863388,D,60,road
121.11652,24.720446,D,60,road
121.80519,24.673485,D,60,road
120.30748,23.611443,D,60,road
120.51024,23.878145,D,60,road
120.6867,24.203175,D,60,road
120.20804,23.046125,D,60,road
120.21477,23.067614,D,60,road
120.32356,23.596136,D,60,road
120.494446,23.742592,D,60,road
120.54267,22.693243,D,60,road
120.55449,22.74935,D,60,road
120.482124,22.619041,D,60,road
120.46594,22.551575,D,60,road
121.91424,24.952927,D,60,road
121.86673,24.90387,D,60,road
121.83554,24.871765,D,60,road
121.82069,24.824112,D,60,road
121.81658,24.79972,D,60,road
121.81548,24.758747,D,60,road
121.81915,24.73036,D,60,road
121.8595,24.590792,D,60,road
121.697624,24.667261,D,60,road
121.71217,24.670204,D,60,road
121.78949,24.672573,D,60,road
121.700935,24.717842,D,60,road
121.71639,24.732752,D,60,road
121.821266,24.615463,D,60,road
121.79265,24.84562,D,60,road
120.98595,24.697054,D,60,road
120.675,24.240812,D,60,road
120.31495,22.649855,D,60,road
120.19549,22.945978,D,60,road
120.559746,24.210121,D,60,road
120.18961,23.052488,D,60,road
120.2803,23.102236,D,60,road
120.284904,23.103241,D,60,road
120.51881,24.153168,D,60,road
121.76525,24.718306,D,60,road
121.709625,24.707457,D,60,road
121.808556,24.727465,D,60,road
121.76619,24.710798,D,60,road
121.81058,24.709387,D,60,road
121.71865,24.71743,D,60,road
121.72893,24.696066,D,60,road
121.717964,24.720016,D,60,road
121.05501,24.797277,D,60,road
120.60589,22.42014,D,60,road
120.340614,23.910868,D,60,road
120.585976,22.712639,D,60,road
120.2939,23.282194,D,60,road
120.62328,24.147081,D,60,road
120.273605,23.117603,D,60,road
120.273506,23.117811,D,60,road
120.272125,23.121284,D,60,road
120.28104,23.098495,D,60,road
120.51959,22.702332,D,60,road
120.578575,22.644043,D,60,road
120.557594,23.971558,D,60,road
120.5195,22.519917,D,60,road
120.38841,24.0466,D,60,road
120.637,24.09453,D,60,road
120.675,24.240812,D,60,road
120.69065,24.22982,D,60,road
120.31959,22.734089,D,60,road
120.53134,23.832464,D,60,road
120.69065,24.22982,D,60,road
120.6867,24.203175,D,60,road
120.33265,23.767534,D,60,road
120.460785,24.074808,D,60,road
120.678246,23.930109,D,60,road
120.22894,23.77376,D,60,road
120.17872,22.964375,D,60,road
120.60919,22.46825,D,60,road
120.620445,22.59836,D,60,road
121.31564,22.99692,D,60,road
121.19388,22.794315,D,60,road
121.17634,22.777752,D,60,road
120.30967,22.988716,D,60,road
120.25361,23.189913,D,60,road
120.38012,23.067501,D,60,road
120.94928,24.616138,D,60,road
120.71483,23.803984,D,60,road
120.68987,23.888296,D,60,road
120.70938,23.789066,D,60,road
120.486984,23.086584,D,60,road
120.47022,23.013083,D,60,road
120.67963,23.996204,D,60,road
121.202835,23.107685,D,60,road
121.16925,23.061531,D,60,road
121.14093,22.987513,D,60,road
121.14304,22.938217,D,60,road
121.0965,22.898182,D,60,road
121.09514,22.893963,D,60,road
121.090614,22.82124,D,60,road
121.09232,22.807804,D,60,road
121.09504,22.800642,D,60,road
121.105995,22.79259,D,60,road
121.13614,22.768127,D,60,road
121.07541,22.77143,D,60,road
121.0496,22.716475,D,60,road
121.043304,22.683693,D,60,road
121.03803,22.67261,D,60,road
121.028694,22.662472,D,60,road
121.00136,22.60339,D,60,road
120.99458,22.58744,D,60,road
120.99005,22.575094,D,60,road
120.965706,22.522211,D,60,road
120.91234,22.382149,D,60,road
120.907684,22.364502,D,60,road
120.88693,22.2947,D,60,road
120.359085,22.675001,D,60,road
120.58669,22.542807,D,60,road
120.48998,24.12682,D,60,road
120.63082,24.167393,D,60,road
120.62328,24.147081,D,60,road
120.637,24.09453,D,60,road
120.447914,22.673306,D,60,road
120.706635,24.256582,D,60,road
120.706635,24.24755,D,60,road
120.2212,22.939863,D,70,road
120.439255,22.70776,D,70,road
120.41329,22.641577,D,70,road
120.38426,23.439138,D,70,road
120.38366,23.40862,D,70,road
120.24047,22.818577,D,70,road
120.481926,22.456896,D,70,road
120.44806,24.09083,D,70,road
120.33472,23.95222,D,70,road
120.32361,23.93417,D,70,road
120.16689,23.623926,D,70,road
120.324425,23.708206,D,70,road
120.50823,23.691448,D,70,road
120.533295,24.051216,D,70,road
120.53889,24.02694,D,70,road
120.56194,23.94417,D,70,road
120.48311,23.848318,D,70,road
121.082695,24.886557,D,70,road
120.488914,23.728313,D,70,road
120.59917,22.718996,D,70,road
120.7301,22.045582,D,70,road
120.75299,21.97737,D,70,road
120.48557,22.640203,D,70,road
120.49234,22.589718,D,70,road
120.460945,22.805735,D,70,road
121.85278,24.611954,D,70,road
120.48843,22.717932,D,70,road
120.49994,22.70484,D,70,road
120.49361,22.695242,D,70,road
120.55209,22.626106,D,70,road
120.54868,22.582087,D,70,road
120.55583,22.55167,D,70,road
120.54044,22.53663,D,70,road
120.57348,22.431042,D,70,road
120.62501,22.326096,D,70,road
120.64377,22.300001,D,70,road
120.688126,22.203466,D,70,road
120.43957,23.578737,D,70,road
120.13506,23.074215,D,70,road
120.17903,23.017673,D,70,road
120.145706,23.049866,D,70,road
120.57929,23.92596,D,70,road
120.45488,22.652136,D,70,road
120.20978,23.263838,D,70,road
120.440414,22.497778,D,70,road
121.12043,22.728712,D,70,road
121.102104,22.726719,D,70,road
121.05725,22.705956,D,70,road
121.42773,23.28243,D,70,road
120.65508,23.963615,D,70,road
120.730965,23.834896,D,70,road
120.133705,23.175344,D,70,road
120.17664,22.930405,D,70,road
120.29493,23.099846,D,70,road
120.29865,23.055922,D,70,road
120.36489,23.374134,D,70,road
120.32532,23.27626,D,70,road
120.33444,23.150946,D,70,road
120.310776,23.09386,D,70,road
121.05706,22.743982,D,70,road
121.012535,22.626123,D,70,road
120.89187,22.323227,D,70,road
120.87637,22.293703,D,70,road
120.17002,23.06164,D,70,road
121.49166,24.994188,E,70,freeway
120.650085,24.197182,E,80,freeway
120.70982,24.200447,E,80,freeway
121.51977,25.048206,E,80,freeway
120.650085,24.197182,E,80,freeway
121.754326,25.102283,E,80,freeway
121.69441,25.116095,E,80,freeway
121.4484,25.09222,E,80,freeway
120.70982,24.200447,E,80,freeway
121.03352,24.795456,E,90,freeway
120.409294,22.58654,E,90,freeway
120.30067,23.684862,E,100,freeway
120.45189,23.673025,E,100,freeway
121.282974,24.99567,E,100,highway
121.32486,24.959269,E,100,highway
121.21719,25.049833,E,100,highway
120.20962,23.089607,E,100,highway
120.40675,22.770908,E,100,highway
120.778725,23.985535,E,100,highway
120.98814,23.982555,E,100,highway
120.30762,22.68328,E,40,road
121.69048,25.112968,E,40,road
120.40463,22.586277,E,40,road
120.35929,22.573195,E,40,road
120.98689,24.822033,E,40,road
120.97564,24.825012,E,40,road
121.53994,25.044518,E,40,road
120.21107,22.99729,E,40,road
120.60272,24.182938,E,40,road
120.60799,24.203812,E,40,road
120.31474,22.594706,E,40,road
120.51807,23.24088,E,40,road
120.30689,22.722485,E,40,road
120.51041,23.23555,E,40,road
120.60272,24.182938,E,40,road
120.31035,22.726524,E,40,road
120.92369,24.690245,E,50,road
120.94835,24.680124,E,50,road
120.6551,24.41928,E,50,road
120.22924,23.094667,E,50,road
120.52966,22.48964,E,50,road
120.32055,22.606934,E,50,road
120.32043,22.639828,E,50,road
120.33165,22.63851,E,50,road
120.315796,22.61766,E,50,road
120.32313,22.67667,E,50,road
120.473755,23.491804,E,50,road
120.29846,22.796618,E,50,road
120.423904,22.694601,E,50,road
120.33946,22.625673,E,50,road
120.33634,22.62665,E,50,road
120.32502,22.629728,E,50,road
120.34622,22.583788,E,50,road
120.189156,22.961212,E,50,road
121.738014,25.147667,E,50,road
120.98927,24.812634,E,50,road
120.4855,22.887808,E,50,road
120.321106,22.62981,E,50,road
120.3182,22.628725,E,50,road
121.75589,25.128004,E,50,road
120.345924,22.67725,E,50,road
120.421616,22.924803,E,50,road
121.56998,25.08173,E,50,road
120.94431,24.833956,E,50,road
121.7342,25.153727,E,50,road
121.59344,24.9989,E,50,road
120.30393,22.717358,E,50,road
120.674286,24.181917,E,50,road
120.403595,23.490175,E,50,road
120.39789,23.491566,E,50,road
121.70153,25.162273,E,50,road
120.37463,22.764708,E,50,road
120.4732,22.883623,E,50,road
120.6022,24.1827,E,50,road
120.674286,24.181917,E,50,road
120.282486,22.681307,E,50,road
121.613174,25.053974,E,50,road
121.58609,25.050062,E,50,road
121.56399,25.047602,E,50,road
120.30685,22.627457,E,50,road
120.630775,24.13873,E,50,road
120.60922,24.138643,E,50,road
120.301926,22.757471,E,50,road
120.98677,24.801134,E,50,road
120.31007,22.649115,E,50,road
120.7323,24.3199,E,50,road
120.72295,24.321606,E,50,road
120.62725,24.145042,E,50,road
121.604034,25.083036,E,50,road
120.254814,23.46616,E,50,road
121.58296,25.060823,E,50,road
120.6128,24.1901,E,50,road
120.61284,24.186693,E,50,road
120.5978,24.1819,E,50,road
120.6128,24.1901,E,50,road
121.49718,25.035309,E,50,road
121.52677,25.026665,E,50,road
121.53688,25.041674,E,50,road
121.57064,25.04102,E,50,road
121.61159,25.052607,E,50,road
120.32843,22.659721,E,50,road
120.320015,22.65996,E,50,road
120.2999,22.661104,E,50,road
120.973694,24.80587,E,50,road
120.95176,24.832504,E,50,road
120.62687,24.010653,E,50,road
120.300354,23.319435,E,50,road
120.630974,24.138615,E,50,road
120.60922,24.138643,E,50,road
120.62725,24.145042,E,50,road
120.325516,22.650263,E,50,road
120.33822,22.629908,E,50,road
120.68188,24.135622,E,50,road
120.341866,22.624517,E,50,road
120.39456,22.554989,E,50,road
120.42458,23.479553,E,50,road
121.5656,25.054245,E,50,road
120.17719,22.983109,E,50,road
120.36204,22.614567,E,50,road
120.71295,24.277452,E,50,road
121.70965,25.14201,E,50,road
121.699745,25.149271,E,50,road
121.695404,25.157051,E,50,road
121.73231,25.1274,E,50,road
121.78308,25.12693,E,50,road
121.79007,25.12427,E,50,road
120.42328,22.887613,E,50,road
121.72058,25.133339,E,50,road
120.31543,22.595646,E,50,road
120.309494,22.59344,E,50,road
120.327446,22.743008,E,50,road
120.658005,24.117344,E,50,road
120.99819,24.774435,E,50,road
120.72356,24.26045,E,50,road
120.309616,22.668627,E,50,road
121.73433,25.104801,E,50,road
121.73952,25.102694,E,50,road
120.43792,23.472664,E,50,road
120.61284,24.186693,E,50,road
120.46526,23.120522,E,50,road
120.22557,23.051445,E,50,road
120.5978,24.1819,E,50,road
120.619835,24.181044,E,50,road
121.566376,25.076668,E,50,road
119.63691,23.581766,E,50,road
119.656944,23.584229,E,50,road
119.603134,23.557316,E,50,road
119.64445,23.563566,E,50,road
119.58419,23.553822,E,50,road
120.449135,23.4687,E,50,road
120.48009,24.208727,E,50,road
120.3075,22.592865,E,50,road
120.31083,22.593851,E,50,road
120.71295,24.277452,E,50,road
120.68583,24.37995,E,60,road
120.43605,23.719143,E,60,road
120.33078,23.123919,E,60,road
120.28768,22.64329,E,60,road
120.30621,22.684856,E,60,road
120.40461,22.586405,E,60,road
120.53308,23.695944,E,60,road
120.220146,23.000835,E,60,road
120.2346,23.792048,E,60,road
120.57488,24.253681,E,60,road
120.62186,24.207615,E,60,road
120.57328,22.875542,E,60,road
120.37998,22.589094,E,60,road
120.71781,24.163551,E,60,road
120.665726,24.106167,E,60,road
120.71781,24.163551,E,60,road
120.71781,24.163551,E,60,road
120.640724,24.164879,E,60,road
120.63997,24.158367,E,60,road
120.60441,24.151878,E,60,road
120.63997,24.158367,E,60,road
120.57488,24.253681,E,60,road
120.83711,24.221622,E,60,road
120.834564,24.237774,E,60,road
120.3961,22.500326,E,60,road
121.58009,23.940998,E,60,road
120.60441,24.151878,E,60,road
120.344025,22.594791,E,60,road
121.09389,24.822088,E,60,road
120.32995,22.723923,E,60,road
120.26041,22.880974,E,60,road
120.31085,22.807526,E,60,road
120.49667,24.050226,E,60,road
120.62668,22.897558,E,60,road
120.87099,24.671583,E,60,road
121.46539,25.02834,E,60,road
120.78955,24.594868,E,60,road
120.56767,24.238121,E,60,road
120.35834,22.590328,E,60,road
120.41471,24.06039,E,60,road
120.359764,22.701334,E,60,road
120.35221,23.701073,E,70,road
120.23678,23.79157,E,70,road
120.59575,24.11225,E,70,road
120.36817,24.06411,E,70,road
120.62194,24.04528,E,70,road
120.363304,22.635294,E,70,road
120.59575,24.11225,E,70,road
120.40342,23.486872,E,70,road
120.44422,24.03323,E,70,road
120.40881,22.640905,E,70,road
119.52867,23.63674,E,70,road
119.5603,23.660503,E,70,road
120.79112,24.27301,E,70,road
121.75845,25.139378,N,40,freeway
121.753204,25.139427,N,40,freeway
121.77779,25.127695,N,40,freeway
121.77931,25.124163,N,60,freeway
121.77979,25.124203,N,60,freeway
120.71485,24.149885,N,80,freeway
120.71485,24.149885,N,80,freeway
120.919395,24.793509,N,80,freeway
121.49899,25.106007,N,80,freeway
120.78327,24.637379,N,80,freeway
120.42038,24.081823,N,90,freeway
120.67632,24.494154,N,90,freeway
120.32388,23.941944,N,90,freeway
120.52277,22.570349,N,90,freeway
120.52294,24.218498,N,90,freeway
120.220314,23.727283,N,90,freeway
121.42388,25.066257,N,50,highway
120.32915,22.586142,N,60,highway
121.65255,24.994558,N,80,highway
121.647484,25.078312,N,90,highway
121.62579,25.046879,N,90,highway
121.610565,25.02955,N,90,highway
121.57083,24.976095,N,90,highway
121.53064,24.962175,N,90,highway
121.78095,24.791565,N,90,highway
121.72481,24.92628,N,90,highway
121.733315,24.91648,N,90,highway
121.74382,24.908276,N,90,highway
121.75418,24.89985,N,90,highway
121.762215,24.889566,N,90,highway
121.769875,24.879107,N,90,highway
121.779335,24.869923,N,90,highway
121.78834,24.860365,N,90,highway
121.78095,24.791565,N,90,highway
121.38388,25.065002,N,100,highway
121.19353,24.941029,N,100,highway
121.72534,25.107763,N,100,highway
120.94732,24.726902,N,100,highway
121.61644,25.065916,N,100,highway
120.78804,24.462055,N,100,highway
121.19477,24.945833,N,100,highway
121.68071,25.085808,N,100,highway
121.04609,24.876558,N,100,highway
121.60169,25.063948,N,100,highway
121.465515,24.977514,N,100,highway
120.401024,24.124218,N,110,highway
120.48481,23.831924,N,110,highway
120.42849,23.581106,N,110,highway
120.40404,23.51677,N,110,highway
120.35529,23.38762,N,110,highway
120.27128,23.278519,N,110,highway
120.23672,23.20487,N,110,highway
120.23468,23.137453,N,110,highway
120.249374,23.011911,N,110,highway
120.26014,22.918657,N,110,highway
120.27043,22.896294,N,110,highway
120.3321,22.759113,N,110,highway
120.85779,24.69619,N,110,highway
120.779076,24.591295,N,110,highway
120.60209,24.293697,N,110,highway
120.59371,24.236176,N,110,highway
120.54876,24.17851,N,110,highway
120.63864,24.071049,N,110,highway
120.65042,23.999996,N,110,highway
120.705086,23.869972,N,110,highway
120.68793,23.777445,N,110,highway
120.5988,23.692923,N,110,highway
120.407295,23.298801,N,110,highway
120.35549,23.201338,N,110,highway
120.329216,23.083382,N,110,highway
120.38294,22.84931,N,110,highway
120.47148,22.758017,N,110,highway
120.524925,22.507158,N,110,highway
121.304276,24.924303,N,110,highway
120.291794,22.60163,N,25,road
120.36288,22.510414,N,40,road
120.70977,24.1347,N,40,road
120.28924,22.62066,N,40,road
121.517555,23.565529,N,40,road
121.83023,24.490236,N,40,road
120.31617,22.663822,N,40,road
120.31487,22.64735,N,40,road
119.60277,23.66645,N,40,road
121.74865,25.083538,N,40,road
121.75572,25.076906,N,40,road
120.34072,22.659094,N,40,road
120.338646,22.528667,N,40,road
120.96173,24.762646,N,40,road
120.32586,22.575134,N,40,road
121.75822,25.074478,N,40,road
121.54434,25.071774,N,40,road
120.35418,22.592106,N,40,road
120.803444,22.237247,N,40,road
120.85995,24.693743,N,40,road
119.667145,23.58425,N,40,road
120.27912,22.620316,N,40,road
120.623505,24.144829,N,40,road
120.42066,22.929552,N,50,road
121.73601,25.123318,N,50,road
121.726135,25.103292,N,50,road
121.73506,25.110722,N,50,road
120.41064,24.05835,N,50,road
120.33226,22.641333,N,50,road
120.331825,22.649923,N,50,road
120.5525,24.08389,N,50,road
120.54472,24.07861,N,50,road
121.73923,25.141153,N,50,road
120.30265,22.619112,N,50,road
121.74045,25.13845,N,50,road
120.32949,22.580269,N,50,road
120.368355,22.623114,N,50,road
121.14574,24.90688,N,50,road
121.74588,25.134869,N,50,road
120.41993,24.04543,N,50,road
120.3628,22.510351,N,50,road
120.497734,24.220963,N,50,road
120.65583,24.199211,N,50,road
120.30485,22.606277,N,50,road
121.00254,24.855085,N,50,road
121.50858,25.043074,N,50,road
120.99342,24.81573,N,50,road
120.98313,24.809292,N,50,road
120.95245,24.796486,N,50,road
120.73345,24.167746,N,50,road
121.777985,25.151018,N,50,road
120.839836,24.616726,N,50,road
120.45672,22.480722,N,50,road
120.292694,23.539839,N,50,road
120.5597,22.599407,N,50,road
120.47076,23.79007,N,50,road
120.70069,22.14475,N,50,road
120.63828,22.980103,N,50,road
121.73204,25.15298,N,50,road
121.078285,24.723764,N,50,road
121.750694,24.30211,N,50,road
120.302536,22.707396,N,50,road
120.43358,23.557116,N,50,road
120.26064,23.027317,N,50,road
121.50257,25.114443,N,50,road
120.62116,24.171976,N,50,road
121.733025,25.12841,N,50,road
121.72526,25.122475,N,50,road
120.306015,22.592865,N,50,road
121.59,25.074547,N,50,road
120.62116,24.171976,N,50,road
120.60414,24.18653,N,50,road
121.73922,25.133802,N,50,road
120.93412,24.842299,N,50,road
121.53001,23.907051,N,50,road
120.69949,24.149633,N,50,road
120.50132,22.803162,N,50,road
120.4515,23.498264,N,50,road
121.52306,25.08667,N,50,road
121.70324,25.081923,N,50,road
121.707184,25.090446,N,50,road
121.68742,25.075933,N,50,road
120.18443,22.95056,N,50,road
120.60414,24.18653,N,50,road
120.69949,24.149633,N,50,road
121.382385,25.00955,N,50,road
120.3359,22.623598,N,50,road
120.35012,22.568972,N,50,road
121.60028,25.077787,N,50,road
120.192085,22.98797,N,50,road
120.23261,23.058355,N,50,road
120.33857,22.605717,N,50,road
120.30589,22.602861,N,50,road
121.17297,24.765247,N,50,road
120.92787,24.725458,N,50,road
121.74012,25.113022,N,50,road
120.51883,22.54065,N,50,road
120.51235,22.65938,N,50,road
120.51235,22.65938,N,50,road
121.53691,25.048212,N,50,road
120.53655,22.912996,N,50,road
120.283264,22.659645,N,50,road
120.370346,22.582222,N,50,road
120.41064,24.05835,N,50,road
121.762505,25.06859,N,50,road
121.54371,25.016603,N,50,road
120.73345,24.167746,N,50,road
121.19182,24.926605,N,50,road
120.32374,22.603518,N,50,road
120.30538,22.674622,N,50,road
120.303406,22.669987,N,50,road
120.28646,22.831896,N,50,road
120.44225,23.453062,N,50,road
120.297554,22.67165,N,50,road
121.56936,25.057697,N,50,road
121.01323,24.79537,N,50,road
121.69804,25.08034,N,50,road
120.44056,23.459938,N,50,road
121.53406,25.020033,N,50,road
120.30663,22.587458,N,50,road
120.54937,22.48785,N,50,road
120.302734,22.711885,N,50,road
120.96576,24.812773,N,50,road
120.958046,24.807743,N,50,road
121.39306,25.01667,N,50,road
120.31456,22.563587,N,50,road
120.813934,24.550495,N,50,road
120.25403,23.176693,N,50,road
120.210495,23.084492,N,50,road
120.32573,23.308907,N,50,road
120.30732,23.214054,N,50,road
120.225494,22.920004,N,50,road
120.87654,23.662935,N,50,road
120.72229,24.210611,N,50,road
120.34492,22.638271,N,50,road
121.799614,25.129747,N,50,road
119.65956,23.584875,N,50,road
119.63154,23.560314,N,50,road
119.619545,23.54831,N,50,road
119.63483,23.5608,N,50,road
120.46644,23.468079,N,50,road
120.712036,24.14412,N,50,road
120.65213,24.10482,N,50,road
121.50743,25.082521,N,50,road
120.54493,24.301151,N,50,road
120.341286,22.597889,N,50,road
120.72229,24.210611,N,50,road
120.95864,24.744226,N,50,road
120.241684,23.29279,N,50,road
120.44506,23.778845,N,60,road
120.25662,23.720882,N,60,road
121.780426,24.791037,N,60,road
121.79258,24.683813,N,60,road
121.78176,24.744093,N,60,road
120.9586,24.604675,N,60,road
120.6793,23.757366,N,60,road
121.49684,25.13034,N,60,road
120.30548,22.611725,N,60,road
120.316284,22.595959,N,60,road
120.32565,22.584517,N,60,road
120.266075,22.829268,N,60,road
121.76105,24.738028,N,60,road
120.244675,22.886343,N,60,road
120.70861,24.22941,N,60,road
120.3652,22.653227,N,60,road
120.29224,22.65287,N,60,road
120.18389,22.967249,N,60,road
120.23424,22.994543,N,60,road
120.229164,22.9808,N,60,road
120.89102,24.674002,N,60,road
120.919235,24.78108,N,60,road
120.91577,24.767654,N,60,road
120.90828,24.742622,N,60,road
120.916664,24.720003,N,60,road
120.92972,24.788622,N,60,road
120.945526,24.79362,N,60,road
120.948944,24.7953,N,60,road
120.57871,24.187832,N,60,road
120.46819,23.000528,N,60,road
121.60216,23.886194,N,60,road
121.534386,23.647057,N,60,road
120.85055,24.625143,N,60,road
120.271,23.788769,N,60,road
120.51111,24.05056,N,60,road
120.480835,23.679546,N,60,road
120.46287,22.524467,N,60,road
120.42427,22.625746,N,60,road
121.82835,24.664686,N,60,road
120.644,23.770504,N,60,road
120.568954,23.717222,N,60,road
120.54649,23.699762,N,60,road
121.83988,24.547905,N,60,road
121.65052,24.1578,N,60,road
121.24275,23.173555,N,60,road
120.302666,22.687275,N,60,road
120.2974,22.678238,N,60,road
120.28997,22.670572,N,60,road
120.3142,22.642303,N,60,road
120.31905,22.67854,N,60,road
120.31752,22.836243,N,60,road
121.569275,23.95881,N,60,road
120.1741,22.947441,N,60,road
120.193634,23.07735,N,60,road
120.1884,23.04589,N,60,road
120.64267,24.19317,N,60,road
120.63082,24.167393,N,60,road
120.927216,24.832527,N,60,road
120.92257,24.81397,N,60,road
120.56386,22.409676,N,60,road
120.82357,24.338886,N,60,road
120.49588,24.114037,N,60,road
121.51211,25.103973,N,60,road
120.33443,22.55905,N,60,road
120.35747,22.560804,N,60,road
120.373276,22.53604,N,60,road
120.58377,23.893862,N,60,road
120.2433,22.808031,N,60,road
120.28282,23.088713,N,60,road
120.28252,23.090643,N,60,road
120.51985,22.896793,N,60,road
120.47615,23.997437,N,60,road
120.29248,22.657661,N,60,road
120.325356,22.717821,N,60,road
120.32598,22.714525,N,60,road
120.32345,22.70101,N,60,road
120.320145,22.732939,N,60,road
121.545944,25.018555,N,60,road
120.68834,24.21576,N,60,road
120.32285,22.84498,N,60,road
120.299515,22.674582,N,60,road
121.6918,25.076023,N,60,road
120.30965,22.583641,N,60,road
120.91459,24.529861,N,60,road
120.61876,24.35378,N,60,road
120.264824,22.836018,N,60,road
120.30272,22.692726,N,60,road
120.88288,24.65347,N,60,road
120.90459,24.723228,N,60,road
120.792854,24.522364,N,60,road
120.709694,24.56362,N,60,road
120.66622,24.469824,N,60,road
120.89492,24.683172,N,60,road
120.79464,24.61392,N,60,road
120.93764,23.948853,N,60,road
120.949905,24.619045,N,60,road
120.90236,24.498959,N,60,road
120.86529,24.409588,N,60,road
120.842674,24.37388,N,60,road
120.96546,24.665936,N,60,road
120.86771,24.428797,N,60,road
120.955826,24.639528,N,60,road
120.86043,24.395475,N,60,road
120.67785,24.00289,N,60,road
120.61238,24.209778,N,60,road
120.35851,22.676083,N,60,road
120.359215,22.59445,N,60,road
120.585,23.86278,N,60,road
120.183876,22.9588,N,60,road
120.64267,24.19317,N,60,road
120.510124,22.579426,N,70,road
120.608826,24.32607,N,70,road
120.66457,24.09063,N,70,road
121.480316,25.122408,N,70,road
120.54389,24.02167,N,70,road
120.608826,24.32607,N,70,road
120.64362,24.408592,N,70,road
120.41613,24.02899,N,70,road
120.68279,24.036856,N,70,road
120.66457,24.09063,N,70,road
120.54362,24.178783,N,70,road
120.53984,24.208696,N,70,road
120.566574,24.267813,N,70,road
121.452415,23.74475,N,70,road
120.55346,23.702805,N,70,road
121.50567,23.829111,N,70,road
120.35222,23.975,N,70,road
120.34667,23.96417,N,70,road
120.4554,22.487032,N,70,road
120.44583,24.08639,N,70,road
120.46972,23.89861,N,70,road
120.58028,24.10111,N,70,road
120.50722,23.8625,N,70,road
120.47028,23.83444,N,70,road
120.46827,23.63372,N,70,road
120.7586,21.96524,N,70,road
121.32065,25.005974,N,70,road
121.608475,24.072582,N,70,road
121.48469,23.833263,N,70,road
121.41314,23.702278,N,70,road
121.36711,23.495083,N,70,road
121.770744,24.767035,N,70,road
121.77159,24.748297,N,70,road
120.55739,22.44863,N,70,road
120.30529,22.768,N,70,road
120.95437,24.87658,N,70,road
120.54904,24.146513,N,70,road
120.22501,22.876429,N,70,road
120.55722,24.09833,N,70,road
120.94983,24.786226,N,70,road
120.81402,22.24568,N,70,road
120.46079,23.894117,N,70,road
120.124985,23.189188,N,70,road
120.19251,23.142836,N,70,road
120.845,24.646929,N,70,road
120.37534,23.388468,N,70,road
120.31561,23.24004,N,70,road
120.88218,24.663143,N,70,road
120.92211,24.713758,N,70,road
120.85221,24.653536,N,70,road
120.27526,22.94757,N,70,road
120.48853,23.155445,N,70,road
120.83249,22.259487,N,70,road
120.40737,22.581043,N,70,road
119.60079,23.534658,N,70,road
119.60079,23.534658,N,70,road
119.51426,23.61425,N,70,road
119.613266,23.597082,N,70,road
120.54362,24.178783,N,70,road
120.53984,24.208696,N,70,road
120.56402,24.296701,N,70,road
120.41613,24.02899,N,70,road
120.68279,24.036856,N,70,road
121.77956,25.12413,S,60,freeway
121.77956,25.12413,S,60,freeway
120.59366,24.07311,S,70,freeway
120.55556,24.02333,S,70,freeway
120.70988,24.136902,S,80,freeway
120.70988,24.136902,S,80,freeway
120.88559,24.736444,S,80,freeway
121.49871,25.107931,S,80,freeway
120.81119,24.657883,S,80,freeway
120.15164,23.585243,S,90,freeway
120.323135,23.941116,S,90,freeway
120.67696,24.497608,S,90,freeway
120.522575,22.570126,S,90,freeway
120.12972,23.294575,S,90,freeway
120.56591,24.320395,S,90,freeway
120.27286,23.774952,S,90,freeway
121.42437,25.067223,S,50,highway
120.328354,22.585747,S,60,highway
121.70153,24.949272,S,80,highway
121.59263,24.992199,S,90,highway
121.68526,25.110235,S,90,highway
121.72434,24.925926,S,90,highway
121.73286,24.916126,S,90,highway
121.74336,24.907925,S,90,highway
121.75373,24.899525,S,90,highway
121.761765,24.88923,S,90,highway
121.76942,24.87876,S,90,highway
121.77889,24.869598,S,90,highway
121.788055,24.860128,S,90,highway
121.80556,24.63743,S,90,highway
121.332634,25.060703,S,100,highway
121.60144,25.064278,S,100,highway
121.47129,25.075502,S,100,highway
120.96852,24.736074,S,100,highway
120.86044,24.592031,S,100,highway
120.85275,24.570803,S,100,highway
121.62495,25.066725,S,100,highway
120.74645,24.37083,S,100,highway
121.536865,25.07305,S,100,highway
121.72474,25.106857,S,100,highway
121.466354,25.075937,S,100,highway
121.21667,24.970358,S,100,highway
121.08215,24.88472,S,100,highway
121.45628,24.975258,S,100,highway
120.693085,24.273296,S,110,highway
120.673164,24.214231,S,110,highway
120.59749,24.113134,S,110,highway
120.52377,24.053078,S,110,highway
120.48427,23.84565,S,110,highway
120.47608,23.712355,S,110,highway
120.44377,23.641596,S,110,highway
120.43435,23.597475,S,110,highway
120.405815,23.527653,S,110,highway
120.35525,23.397736,S,110,highway
121.53301,25.042383,S,110,highway
120.30684,23.334305,S,110,highway
120.26733,23.27464,S,110,highway
120.23653,23.20419,S,110,highway
120.2315,23.16412,S,110,highway
120.25174,23.082615,S,110,highway
120.2493,23.026245,S,110,highway
120.28468,22.867977,S,110,highway
120.33219,22.7585,S,110,highway
120.328735,22.677532,S,110,highway
120.92539,24.746012,S,110,highway
120.89375,24.714918,S,110,highway
120.85332,24.691969,S,110,highway
120.71315,24.507294,S,110,highway
120.67839,24.453047,S,110,highway
120.62855,24.330593,S,110,highway
120.59093,24.229563,S,110,highway
120.56188,24.190897,S,110,highway
120.628716,23.774883,S,110,highway
120.50546,23.570353,S,110,highway
120.33847,22.97058,S,110,highway
120.36923,22.862396,S,110,highway
120.44159,22.769218,S,110,highway
120.52481,22.508148,S,110,highway
121.25546,24.881098,S,110,highway
121.149864,24.807201,S,110,highway
120.2877,23.101562,S,30,road
121.15568,24.045826,S,30,road
121.01837,24.784632,S,30,road
120.35067,22.568,S,40,road
120.336555,22.571115,S,40,road
120.32882,22.580608,S,40,road
120.31856,22.592764,S,40,road
120.30421,22.722368,S,40,road
120.21203,23.013504,S,40,road
120.96534,24.817825,S,40,road
120.34302,22.669724,S,40,road
120.341576,22.665306,S,40,road
120.34606,22.521515,S,40,road
120.35464,22.513891,S,40,road
120.326035,22.578098,S,40,road
120.324486,22.707129,S,40,road
120.321556,22.692112,S,40,road
120.23616,22.962046,S,40,road
121.54438,25.066849,S,40,road
120.365395,22.618025,S,40,road
120.71938,24.163439,S,40,road
120.6232,24.149775,S,40,road
120.637566,23.91971,S,50,road
120.25901,23.665485,S,50,road
120.20016,23.703785,S,50,road
121.17617,24.775278,S,50,road
121.726135,25.103992,S,50,road
120.684265,24.150146,S,50,road
121.614105,25.057318,S,50,road
120.40746,24.0669,S,50,road
120.32543,22.647139,S,50,road
121.69939,25.092577,S,50,road
121.740974,25.136154,S,50,road
120.30146,22.627745,S,50,road
121.73884,25.141909,S,50,road
120.303604,22.616146,S,50,road
121.740974,25.138008,S,50,road
120.331924,22.576746,S,50,road
120.37215,22.624784,S,50,road
120.336784,22.63776,S,50,road
121.80405,25.10624,S,50,road
121.47961,25.0615,S,50,road
121.74951,25.137762,S,50,road
120.29697,22.626291,S,50,road
120.209946,22.9689,S,50,road
121.50743,25.039843,S,50,road
120.23383,23.008518,S,50,road
120.71678,24.154285,S,50,road
120.44253,23.497126,S,50,road
120.39391,23.426891,S,50,road
120.93678,24.793715,S,50,road
120.71065,24.176659,S,50,road
120.71065,24.176659,S,50,road
120.71834,24.188057,S,50,road
120.71834,24.188057,S,50,road
120.73518,24.176296,S,50,road
120.51719,23.873512,S,50,road
120.212944,23.001534,S,50,road
120.69855,24.152458,S,50,road
121.56104,23.780403,S,50,road
120.84835,24.624105,S,50,road
120.85494,24.576845,S,50,road
120.50639,23.86167,S,50,road
120.47047,23.790655,S,50,road
120.71401,22.072859,S,50,road
120.70069,22.14475,S,50,road
120.62428,22.88964,S,50,road
120.48813,22.710312,S,50,road
121.55067,23.954082,S,50,road
121.74539,24.313862,S,50,road
121.002075,24.855177,S,50,road
120.48953,22.736687,S,50,road
121.71404,25.095709,S,50,road
120.7324,24.2915,S,50,road
120.617775,24.16113,S,50,road
120.30554,22.593822,S,50,road
120.30907,22.650259,S,50,road
120.59475,24.196201,S,50,road
121.737,25.13015,S,50,road
120.200134,22.997572,S,50,road
120.92734,24.827642,S,50,road
120.9342,24.842539,S,50,road
120.9245,24.818996,S,50,road
120.71065,24.176659,S,50,road
121.557304,25.009743,S,50,road
121.551506,24.99144,S,50,road
120.498055,22.778225,S,50,road
121.75987,24.760712,S,50,road
121.61,23.989222,S,50,road
120.92646,24.811949,S,50,road
120.44435,23.51212,S,50,road
120.65734,24.14457,S,50,road
121.703125,25.081993,S,50,road
120.18476,22.923483,S,50,road
120.181496,22.941,S,50,road
120.69855,24.152458,S,50,road
120.22442,22.99815,S,50,road
120.968094,24.820688,S,50,road
120.96524,24.817877,S,50,road
120.66065,24.172567,S,50,road
120.31492,22.666988,S,50,road
120.433495,22.569546,S,50,road
120.356544,22.561512,S,50,road
120.35207,22.5666,S,50,road
120.362404,22.51092,S,50,road
121.74495,25.131996,S,50,road
120.32535,22.60173,S,50,road
120.32304,22.567684,S,50,road
120.35885,22.50964,S,50,road
121.74368,25.11819,S,50,road
121.74293,25.123219,S,50,road
120.51875,22.541096,S,50,road
120.65332,24.44647,S,50,road
120.71834,24.188057,S,50,road
120.97268,24.794996,S,50,road
120.56222,23.95708,S,50,road
120.200386,23.012684,S,50,road
120.30643,22.68523,S,50,road
120.30349,22.683207,S,50,road
120.40746,24.0669,S,50,road
120.67933,24.122667,S,50,road
120.6851,24.165606,S,50,road
120.68546,24.172531,S,50,road
120.73518,24.176296,S,50,road
120.59475,24.196201,S,50,road
120.32679,22.612076,S,50,road
120.30315,22.665878,S,50,road
120.5492,22.870377,S,50,road
120.24956,22.998642,S,50,road
120.97796,24.823582,S,50,road
121.568436,25.06195,S,50,road
121.69829,25.080408,S,50,road
121.53368,25.030283,S,50,road
120.98728,24.815268,S,50,road
120.93832,24.751755,S,50,road
120.953094,24.75506,S,50,road
120.33213,22.721943,S,50,road
120.99061,24.817444,S,50,road
120.98113,24.814762,S,50,road
120.95555,24.805037,S,50,road
120.48716,22.589525,S,50,road
120.313225,22.562416,S,50,road
120.27578,22.659279,S,50,road
120.315475,22.832905,S,50,road
120.49665,23.46444,S,50,road
121.69552,25.087847,S,50,road
120.627754,24.201817,S,50,road
121.07218,22.710924,S,50,road
120.18567,23.211151,S,50,road
120.72174,24.209267,S,50,road
120.34639,22.644442,S,50,road
121.79846,25.13211,S,50,road
120.61972,23.80611,S,50,road
120.67444,23.81694,S,50,road
119.6105,23.552406,S,50,road
119.60373,23.578081,S,50,road
119.60373,23.578081,S,50,road
119.61315,23.601107,S,50,road
119.50949,23.599384,S,50,road
119.599335,23.649065,S,50,road
119.59717,23.634432,S,50,road
120.176,22.937895,S,50,road
120.71678,24.154285,S,50,road
120.70936,24.135723,S,50,road
120.6498,24.10689,S,50,road
121.50114,25.044512,S,50,road
120.94274,24.844084,S,50,road
120.75961,24.277002,S,50,road
120.736855,24.261272,S,50,road
120.72174,24.209267,S,50,road
120.99643,24.766848,S,50,road
121.53909,25.001425,S,50,road
121.54062,24.992655,S,50,road
120.5258,22.651611,S,50,road
120.835365,24.512255,S,60,road
120.80876,24.498888,S,60,road
120.25528,23.738638,S,60,road
120.22754,23.630302,S,60,road
120.506424,23.766708,S,60,road
121.791145,24.688986,S,60,road
121.77852,24.766775,S,60,road
120.62801,23.801483,S,60,road
120.57095,24.2419,S,60,road
120.72255,24.284721,S,60,road
120.723434,24.29135,S,60,road
120.7308,24.33512,S,60,road
120.8283,24.348303,S,60,road
120.52082,24.252245,S,60,road
120.3092,22.604418,S,60,road
120.32649,22.583427,S,60,road
120.70297,24.198017,S,60,road
120.70532,24.210285,S,60,road
121.56716,23.964924,S,60,road
120.29231,22.657867,S,60,road
120.29245,22.662758,S,60,road
120.18413,22.975246,S,60,road
120.23394,22.99264,S,60,road
120.997604,24.826324,S,60,road
120.92019,24.784409,S,60,road
120.92676,24.78748,S,60,road
120.913246,24.76286,S,60,road
120.915436,24.731752,S,60,road
120.9131,24.690813,S,60,road
121.79319,24.680323,S,60,road
120.4677,22.949362,S,60,road
120.660736,24.110003,S,60,road
121.52478,25.016891,S,60,road
121.53528,24.999609,S,60,road
120.85721,24.632866,S,60,road
120.99692,24.932375,S,60,road
120.278656,23.796333,S,60,road
120.48861,24.01611,S,60,road
120.2994,23.583763,S,60,road
120.508675,23.750402,S,60,road
120.9357,24.790733,S,60,road
120.919,24.724194,S,60,road
120.48086,23.68034,S,60,road
120.405396,22.534346,S,60,road
120.74307,22.024391,S,60,road
120.41476,22.532354,S,60,road
121.90011,24.941515,S,60,road
120.553925,23.558527,S,60,road
121.84039,24.551931,S,60,road
121.63917,24.117222,S,60,road
121.4195,23.678417,S,60,road
121.38253,23.56691,S,60,road
121.337,23.401556,S,60,road
121.78557,24.645603,S,60,road
120.291405,22.67238,S,60,road
120.91392,24.674433,S,60,road
120.31434,22.644857,S,60,road
120.31608,22.663786,S,60,road
120.885445,24.69521,S,60,road
120.419685,22.591167,S,60,road
121.569275,23.95881,S,60,road
120.723434,24.29135,S,60,road
120.7308,24.33512,S,60,road
120.30574,22.767155,S,60,road
120.30955,22.759935,S,60,road
120.99606,24.931686,S,60,road
120.50132,22.803162,S,60,road
121.72788,24.69807,S,60,road
120.48113,22.898966,S,60,road
121.51186,25.104881,S,60,road
120.33221,22.561941,S,60,road
120.686226,23.93615,S,60,road
120.79997,24.291922,S,60,road
120.79997,24.291922,S,60,road
120.39701,22.52201,S,60,road
120.62967,24.12745,S,60,road
120.27492,23.114704,S,60,road
120.660736,24.110003,S,60,road
120.53376,22.713966,S,60,road
120.54082,22.56965,S,60,road
120.497734,22.654818,S,60,road
120.396,23.736464,S,60,road
120.27358,22.817284,S,60,road
120.311584,22.754934,S,60,road
120.362366,22.78693,S,60,road
120.346664,22.620205,S,60,road
120.56619,23.957155,S,60,road
120.3045,22.672869,S,60,road
120.53942,24.258165,S,60,road
120.253296,23.721405,S,60,road
120.54937,22.48785,S,60,road
120.61697,24.347183,S,60,road
120.6228,24.356602,S,60,road
120.39001,22.715528,S,60,road
120.31196,22.561485,S,60,road
120.46079,22.917,S,60,road
120.4934,22.91339,S,60,road
120.29584,22.677017,S,60,road
120.302864,22.689344,S,60,road
120.832245,24.607538,S,60,road
120.74986,24.378527,S,60,road
120.88542,24.690916,S,60,road
120.78141,24.494358,S,60,road
120.78136,24.478888,S,60,road
120.7121,24.569326,S,60,road
120.68407,24.48168,S,60,road
120.64825,24.4435,S,60,road
120.90206,24.68516,S,60,road
120.33201,23.061539,S,60,road
120.93184,23.94433,S,60,road
120.916466,24.52958,S,60,road
120.921745,24.5422,S,60,road
120.916466,24.52958,S,60,road
120.89901,24.488768,S,60,road
120.88974,24.476599,S,60,road
120.823845,24.3246,S,60,road
120.35308,22.616306,S,60,road
120.33939,22.710386,S,60,road
120.34936,22.693321,S,60,road
120.360016,22.598097,S,60,road
120.35902,22.593834,S,60,road
120.36395,22.758595,S,60,road
120.70297,24.198017,S,60,road
120.35793,22.694105,S,60,road
120.59444,23.84583,S,60,road
120.51382,24.198784,S,60,road
120.38841,24.0466,S,60,road
120.647896,24.086382,S,60,road
120.62967,24.12745,S,60,road
121.50822,25.079073,S,60,road
121.5012,25.044579,S,60,road
120.45391,22.639193,S,70,road
121.02346,24.885187,S,70,road
120.22742,22.86191,S,70,road
120.66426,24.089636,S,70,road
121.47776,25.122429,S,70,road
120.60754,24.108591,S,70,road
120.261246,22.854364,S,70,road
120.68192,24.037436,S,70,road
120.66426,24.089636,S,70,road
120.548325,24.236662,S,70,road
120.54306,24.176163,S,70,road
120.57553,24.27849,S,70,road
120.55973,22.608566,S,70,road
121.56071,23.898764,S,70,road
120.3075,23.90333,S,70,road
120.32407,23.69827,S,70,road
120.53299,24.050976,S,70,road
120.5597,22.599407,S,70,road
121.03631,24.880438,S,70,road
120.46946,23.639185,S,70,road
120.49677,23.75775,S,70,road
120.69289,22.181366,S,70,road
120.46287,22.524467,S,70,road
121.3821,24.0702,S,70,road
121.50645,23.86327,S,70,road
121.368385,23.498083,S,70,road
121.771355,24.756819,S,70,road
121.77168,24.743658,S,70,road
120.59174,22.394459,S,70,road
120.13247,23.018547,S,70,road
120.54631,23.922073,S,70,road
120.77903,24.27415,S,70,road
120.78272,24.275433,S,70,road
120.13401,23.06104,S,70,road
120.42628,23.862356,S,70,road
120.95457,24.877853,S,70,road
120.542145,24.169611,S,70,road
120.773125,24.27559,S,70,road
120.53111,24.08472,S,70,road
121.581245,25.008957,S,70,road
121.53762,25.026205,S,70,road
121.53678,25.052633,S,70,road
120.476715,23.896597,S,70,road
120.548325,24.236662,S,70,road
120.58764,24.291664,S,70,road
120.95296,24.77316,S,70,road
121.5277,25.066557,S,70,road
120.48286,23.93747,S,70,road
120.81045,22.244919,S,70,road
120.651505,24.382694,S,70,road
120.57575,24.093752,S,70,road
120.462395,22.836103,S,70,road
120.13461,23.159895,S,70,road
120.131676,23.104435,S,70,road
120.31245,23.253683,S,70,road
120.22093,22.931923,S,70,road
120.878746,24.66203,S,70,road
120.28728,23.011648,S,70,road
120.829895,22.259438,S,70,road
120.411415,22.547424,S,70,road
120.40993,22.574074,S,70,road
119.6127,23.57036,S,70,road
119.57477,23.66744,S,70,road
120.55248,24.294132,S,70,road
120.78272,24.275433,S,70,road
120.68192,24.037436,S,70,road
121.481735,25.010017,W,70,freeway
121.5057,24.993586,W,70,freeway
120.45354,23.122286,W,70,freeway
120.644775,24.194983,W,80,freeway
120.70975,24.20075,W,80,freeway
120.644775,24.194983,W,80,freeway
121.75308,25.10187,W,80,freeway
121.6935,25.115122,W,80,freeway
121.40382,25.12744,W,80,freeway
120.80923,24.47729,W,80,freeway
120.70975,24.20075,W,80,freeway
121.586334,25.059874,W,80,freeway
121.029686,24.79777,W,90,freeway
120.43338,22.592665,W,90,freeway
120.21165,22.927332,W,90,freeway
120.3066,23.685007,W,100,freeway
120.45193,23.67321,W,100,freeway
121.56336,25.010769,W,80,highway
121.57856,25.005106,W,80,highway
121.21739,25.049723,W,100,highway
121.21739,25.049723,W,100,highway
121.2518,25.028276,W,100,highway
120.4044,22.770048,W,100,highway
120.80137,23.996187,W,100,highway
120.89099,23.9811,W,100,highway
120.62779,24.305094,W,100,highway
120.37544,22.735556,W,40,road
121.76142,24.68059,W,40,road
120.74949,22.204988,W,40,road
120.52639,23.24631,W,40,road
120.53687,23.24949,W,40,road
121.703316,25.141867,W,40,road
120.92423,24.68992,W,50,road
120.91523,24.69308,W,50,road
120.95703,24.681976,W,50,road
120.93603,24.685402,W,50,road
120.303055,22.965597,W,50,road
120.317055,22.608536,W,50,road
120.33778,22.637417,W,50,road
120.32851,22.639074,W,50,road
120.33385,22.638254,W,50,road
120.31469,22.64043,W,50,road
120.28611,22.643929,W,50,road
120.68655,24.154957,W,50,road
120.31378,22.679451,W,50,road
120.32359,22.676704,W,50,road
120.32344,22.676521,W,50,road
120.35747,22.730787,W,50,road
120.67085,24.215734,W,50,road
120.31153,22.656176,W,50,road
120.297325,22.654774,W,50,road
120.52259,24.255108,W,50,road
120.92912,24.686438,W,50,road
120.32004,22.630129,W,50,road
120.34073,22.58326,W,50,road
121.02924,24.779507,W,50,road
120.5525,24.07028,W,50,road
120.2942,22.620949,W,50,road
120.66702,24.141409,W,50,road
121.53017,25.038351,W,50,road
120.45236,22.925508,W,50,road
120.647316,24.150768,W,50,road
120.67897,24.147018,W,50,road
120.98553,24.814775,W,50,road
120.98121,24.821245,W,50,road
120.95854,24.830074,W,50,road
120.76548,24.198912,W,50,road
120.72484,24.180975,W,50,road
120.72484,24.180975,W,50,road
120.73828,24.176615,W,50,road
121.53627,25.077879,W,50,road
120.43007,23.479925,W,50,road
120.391426,22.772251,W,50,road
120.40055,22.89416,W,50,road
121.369484,23.26736,W,50,road
120.9341,24.845257,W,50,road
121.59186,25.050976,W,50,road
121.61222,25.05411,W,50,road
120.35717,22.96794,W,50,road
121.60418,25.071262,W,50,road
120.98983,24.800165,W,50,road
120.99802,24.795918,W,50,road
120.56995,24.201292,W,50,road
120.982635,24.810917,W,50,road
120.64392,24.191656,W,50,road
120.56995,24.201292,W,50,road
121.54883,25.017244,W,50,road
120.32598,22.6596,W,50,road
120.31624,22.659792,W,50,road
120.30026,22.66123,W,50,road
120.97689,24.803886,W,50,road
120.95478,24.829601,W,50,road
120.76548,24.198912,W,50,road
120.22248,23.002623,W,50,road
120.72484,24.180975,W,50,road
120.67149,24.192783,W,50,road
120.47364,23.491884,W,50,road
120.212296,22.980795,W,50,road
120.431015,24.048855,W,50,road
120.33317,22.602139,W,50,road
121.74642,25.129612,W,50,road
120.30864,22.596786,W,50,road
120.341866,22.597925,W,50,road
120.55056,24.09194,W,50,road
120.32181,22.633484,W,50,road
120.325806,22.620935,W,50,road
120.81526,24.590336,W,50,road
120.57598,23.947823,W,50,road
120.38489,22.558119,W,50,road
120.376785,22.57036,W,50,road
120.4309,23.477198,W,50,road
120.57222,24.19513,W,50,road
121.76861,25.128143,W,50,road
121.71468,25.13953,W,50,road
121.70991,25.141825,W,50,road
121.70003,25.148745,W,50,road
121.695755,25.156769,W,50,road
120.73828,24.176615,W,50,road
121.71967,25.12792,W,50,road
121.72644,25.116156,W,50,road
121.72226,25.120644,W,50,road
120.31139,22.59389,W,50,road
120.68129,24.16301,W,50,road
120.67085,24.215734,W,50,road
121.75474,25.098783,W,50,road
121.737564,25.1053,W,50,road
120.327484,22.670742,W,50,road
120.35628,22.755226,W,50,road
120.33286,22.735596,W,50,road
120.69843,23.97888,W,50,road
121.49679,25.033098,W,50,road
120.38517,22.631304,W,50,road
120.30323,22.725397,W,50,road
120.34047,22.68022,W,50,road
119.58657,23.654982,W,50,road
119.57846,23.519648,W,50,road
119.60309,23.568865,W,50,road
119.58885,23.56912,W,50,road
119.61489,23.549904,W,50,road
119.58949,23.563833,W,50,road
120.57346,24.18763,W,50,road
120.29253,22.878794,W,50,road
120.98239,24.788258,W,50,road
120.69913,24.496456,W,60,road
120.67131,24.394587,W,60,road
120.458275,23.735708,W,60,road
120.44133,23.717178,W,60,road
120.32498,23.560232,W,60,road
120.32311,23.560371,W,60,road
120.2824,23.567465,W,60,road
120.21999,23.176996,W,60,road
120.30761,22.68351,W,60,road
120.40692,24.0522,W,60,road
120.63207,24.205421,W,60,road
120.23916,23.791637,W,60,road
120.478874,22.491724,W,60,road
120.63207,24.205421,W,60,road
120.58471,24.25025,W,60,road
120.56481,24.271301,W,60,road
120.20602,23.02185,W,60,road
120.19253,22.96194,W,60,road
120.57057,22.878002,W,60,road
120.30418,22.785051,W,60,road
120.31535,22.786663,W,60,road
120.706024,24.164804,W,60,road
121.05786,24.825338,W,60,road
120.55062,23.717327,W,60,road
121.50312,25.01948,W,60,road
120.364,22.702818,W,60,road
120.36052,22.703672,W,60,road
120.40064,22.772306,W,60,road
120.38432,22.589376,W,60,road
120.57679,23.86265,W,60,road
121.115875,24.816027,W,60,road
120.537636,24.219357,W,60,road
120.58719,24.161362,W,60,road
120.57916,24.176645,W,60,road
120.290016,23.104391,W,60,road
120.58471,24.25025,W,60,road
120.559746,24.210121,W,60,road
120.57241,24.232698,W,60,road
120.360504,22.732006,W,60,road
120.35988,22.725449,W,60,road
120.83718,24.222034,W,60,road
120.83718,24.222034,W,60,road
120.30801,22.87795,W,60,road
120.6484,24.111053,W,60,road
121.137375,22.777983,W,60,road
120.210884,22.876348,W,60,road
120.47823,23.889475,W,60,road
121.08224,24.765705,W,60,road
121.07388,24.774717,W,60,road
120.6484,24.111053,W,60,road
120.56846,23.45109,W,60,road
120.24066,23.655548,W,60,road
120.80374,24.578798,W,60,road
120.52417,24.09917,W,60,road
120.336876,22.740108,W,60,road
120.462975,24.046333,W,60,road
120.85556,24.671747,W,60,road
120.5771,24.2254,W,60,road
120.57241,24.232698,W,60,road
120.6599,24.156784,W,60,road
120.580826,24.216763,W,60,road
120.35935,22.590372,W,60,road
120.27737,22.722902,W,60,road
120.35326,22.686092,W,60,road
120.56361,23.98917,W,60,road
120.537636,24.219357,W,60,road
120.57916,24.176645,W,60,road
120.87718,24.692722,W,60,road
120.40692,24.0522,W,60,road
120.65812,24.087242,W,60,road
120.72574,24.264332,W,60,road
120.7364,24.24755,W,60,road
120.72574,24.264332,W,60,road
120.7364,24.24755,W,60,road
120.65812,24.087242,W,60,road
120.60923,24.24623,W,70,road
120.32873,23.472519,W,70,road
120.60923,24.24623,W,70,road
120.34483,22.636532,W,70,road
120.35096,22.63744,W,70,road
120.58682,24.303308,W,70,road
120.75247,23.828299,W,70,road
120.57993,24.192793,W,70,road
120.57993,24.192793,W,70,road
120.58682,24.303308,W,70,road
121.546036,25.10817,Q,40,road
121.54652,25.132162,Q,40,road
121.46587,25.130178,Q,30,road
121.52319,24.979986,Q,60,road
120.33671,22.630255,Q,50,road
121.361244,25.133865,Q,90,freeway
121.30524,25.122051,Q,90,freeway
121.39082,25.125595,Q,40,road
121.38171,25.140436,Q,50,road
121.407,25.15088,Q,50,road
121.37455,25.076698,Q,50,road
121.37809,25.08505,Q,50,road
121.3659,25.078018,Q,50,road
121.375755,25.08959,Q,50,road
121.36106,25.073347,Q,50,road
121.39316,25.13898,Q,50,road
121.361244,25.133865,Q,50,road
121.37247,25.13779,Q,50,road
121.45757,25.11525,Q,50,road
121.45458,25.12329,Q,50,road
121.4407,25.1531,Q,50,road
121.44574,25.14726,Q,50,road
121.45138,25.13019,Q,50,road
121.45065,25.21363,Q,60,road
121.44685,25.19218,Q,70,road
121.46546,25.04016,Q,50,road
121.49716,25.0851,Q,50,road
121.428825,25.02376,Q,70,road
121.49428,25.08842,Q,50,road
121.2217,24.53442,Q,40,road
121.45453,24.93204,Q,40,road
121.42566,24.96286,Q,50,road
121.42269,24.95929,Q,50,road
121.40395,24.93368,Q,50,road
121.41621,24.96472,Q,50,road
121.54252,25.104025,Q,40,road
121.4378,24.980923,Q,60,freeway
121.44752,25.018425,Q,80,freeway
121.40913,24.94975,Q,50,road
121.4508,24.97889,Q,50,road
121.42269,24.95929,Q,50,road
121.44939,24.97739,Q,50,road
121.4508,24.97889,Q,50,road
121.4414,25.00533,Q,50,road
121.44407,25.014826,Q,50,road
121.43242,24.965454,Q,50,road
121.43934,24.983744,Q,50,road
121.43305,24.97264,Q,50,road
121.33556,24.93945,Q,40,road
121.36589,24.91237,Q,50,road
121.43447,25.158358,Q,50,road
121.42549,25.15932,Q,50,road
121.48011,25.010181,Q,50,road
121.4128,25.02532,Q,60,road
121.4508,24.97889,Q,50,road
121.45098,24.97919,Q,50,road
121.51487,25.018326,Q,50,road
121.48569,25.04718,Q,70,road
121.486145,25.047405,Q,70,road
121.48879,25.01107,Q,50,road
121.52476,25.009336,Q,50,road
121.44257,25.05136,Q,50,road
121.385574,25.085184,Q,50,road
121.42912,25.15905,Q,50,road
121.54616,24.975492,Q,50,road
121.44227,25.051294,Q,50,freeway
121.45556,25.121183,Q,50,road
121.47416,25.09737,Q,50,road
121.45572,25.08899,Q,50,road
121.37872,25.083277,Q,50,road
121.42754,25.037806,Q,60,road
121.77542,25.115238,Q,60,road
121.42583,25.055712,Q,30,road
120.97511,24.788465,Q,40,road
121.543755,25.164951,Q,40,road
121.48961,25.03056,Q,50,road
121.657745,25.006935,Q,40,road
121.47009,25.25102,Q,60,road
121.47379,24.94202,Q,40,road
121.443245,25.086462,Q,50,road
121.64021,25.05999,Q,50,road
121.674904,25.065943,Q,50,road
121.66457,25.06671,Q,50,road
121.50045,24.993511,Q,50,road
121.61673,24.959364,Q,40,road
121.71017,24.93531,Q,40,road
121.54501,24.953,Q,50,road
121.55339,24.95332,Q,50,road
121.6478,24.95029,Q,40,road
121.70452,24.93552,Q,40,road
121.90777,25.017883,Q,50,road
121.94097,25.01935,Q,50,road
121.81608,25.12807,Q,50,road
121.81609,25.12807,Q,50,road
121.9239,25.05363,Q,50,road
121.91446,25.07952,Q,60,road
121.71682,24.91096,Q,40,road
121.98017,25.02287,Q,60,road
121.92655,25.04003,Q,60,road
121.44227,25.051294,Q,60,freeway
121.4378,24.980923,Q,60,freeway
121.48396,25.0208,Q,50,road
121.476,25.0342,Q,50,road
121.47617,25.01205,Q,50,road
121.479195,25.035868,Q,50,road
121.41944,24.973124,Q,50,road
121.41591,24.9646,Q,50,road
121.47163,25.01877,Q,60,road
121.44253,25.011337,Q,50,road
121.365906,25.078018,Q,50,road
121.3864,25.07677,Q,50,road
121.376305,25.07571,Q,50,road
121.3755,25.07277,Q,50,road
121.36435,25.072107,Q,50,road
121.56132,25.29087,Q,50,road
121.56444,25.29096,Q,50,road
121.62368,25.27129,Q,50,road
121.63158,25.239101,Q,50,road
121.6776,25.20037,Q,50,road
121.65275,25.20877,Q,60,road
121.68742,25.18376,Q,60,road
121.51954,25.282288,Q,60,road
121.45966,25.24675,Q,70,road
121.48618,25.26219,Q,70,road
121.52016,25.282724,Q,70,road
121.66111,25.20677,Q,70,road
121.58202,25.29516,Q,70,road
121.62376,25.21971,Q,50,road
121.37753,25.04554,Q,50,road
121.41299,25.02524,Q,60,road
120.9583,24.761814,Q,70,road
121.21386,24.51366,Q,40,road
121.39,25.142183,Q,50,road
121.35978,24.95708,Q,50,road
121.22389,25.04333,Q,50,road
121.41068,25.01503,Q,50,road
121.29749,24.943516,Q,50,road
121.37601,25.07579,Q,50,road
121.54603,24.94848,Q,50,road
121.54935,24.92282,Q,50,road
121.86508,25.032803,Q,40,road
121.86391,25.122484,Q,50,road
120.98529,24.788721,Q,40,road
121.80344,25.117428,Q,80,freeway
121.67155,25.07699,Q,50,road
121.68333,25.07278,Q,50,road
121.6465,25.21225,Q,50,road
121.68391,25.19181,Q,50,road
121.88808,25.12077,Q,50,road
121.91718,25.1212,Q,50,road
121.65135,25.06157,Q,50,road
121.68126,25.06842,Q,60,road
121.45941,25.15328,Q,50,road
121.49248,25.26003,Q,50,road
121.45681,25.23803,Q,60,road
121.47048,25.25127,Q,60,road
121.56831,25.29364,Q,70,road
121.60351,24.99938,Q,60,road
121.64866,25.00944,Q,40,road
121.44712,25.091421,Q,50,road
121.37177,24.92681,Q,50,road
121.37335,24.90288,Q,40,road
121.63567,24.954155,Q,40,road
121.44138,24.92619,Q,40,road
121.47897,24.94604,Q,40,road
121.54414,24.98054,Q,50,road
121.53937,24.9552,Q,50,road
121.55815,24.95412,Q,50,road
121.54108,24.98511,Q,50,road
121.51862,24.97459,Q,50,road
121.516556,24.985771,Q,50,road
121.52834,24.96195,Q,50,road
121.41125,24.92973,Q,50,road
121.451645,25.006397,Q,80,freeway
121.46105,25.037607,Q,50,road
121.4223,24.99799,Q,50,road
121.41921,24.99423,Q,50,road
121.41573,24.98965,Q,50,road
121.40171,25.05661,Q,50,road
121.49623,25.05448,Q,50,road
121.40076,25.03016,Q,50,road
121.46712,25.04094,Q,50,road
121.40719,25.03951,Q,50,road
121.412865,24.984545,Q,50,road
121.41264,25.06889,Q,50,road
121.44116,25.02238,Q,50,road
121.428825,24.97892,Q,50,road
121.44501,25.08844,Q,50,road
121.80344,25.117428,Q,80,freeway
121.81937,25.10755,Q,40,road
121.79625,25.11272,Q,40,road
121.80943,25.10765,Q,50,road
121.92373,25.05334,Q,50,road
121.63982,25.21736,Q,60,road
121.63168,25.22149,Q,70,road
121.25115,24.952522,Q,50,road
121.43209,25.17489,Q,50,road
121.43573,25.17334,Q,50,road
121.53566,24.96928,Q,60,road
121.64259,25.06111,Q,50,road
121.45485,25.15961,Q,50,road
121.45243,25.16272,Q,50,road
121.42313,25.15879,Q,50,road
121.54197,24.96343,Q,50,road
121.544914,24.97905,Q,50,road
121.5646,24.98839,Q,50,road
121.45154,25.13205,Q,50,road
121.77496,25.10369,Q,50,road
121.50133,25.26166,Q,50,road
121.45203,25.22415,Q,50,road
121.45947,25.15466,Q,50,road
121.45009,25.13583,Q,50,road
121.63132,25.0059,Q,60,road
121.62653,24.99899,Q,60,road
121.45022,25.21866,Q,60,road
121.53719,24.96601,Q,60,road
121.44647,25.19337,Q,70,road
121.48248,25.26376,Q,70,road
121.52539,24.97538,Q,60,road
121.44286,25.15061,Q,50,road
121.40145,24.97537,Q,50,road
121.38438,24.96717,Q,50,road
121.42626,25.00048,Q,50,road
121.4094,25.01724,Q,50,road
121.33842,24.9639,Q,50,road
121.42829,24.98137,Q,50,road
121.79376,25.01914,Q,50,road
121.830345,25.02876,Q,60,road
121.46128,25.09364,Q,50,road
121.49335,25.087778,Q,50,road
121.49302,25.051329,Q,50,road
121.49908,25.08245,Q,50,road
121.41945,24.9945,Q,50,road
121.36482,24.956474,Q,50,road
121.34403,24.94919,Q,50,road
121.36717,24.93909,Q,50,road
121.33123,24.96697,Q,50,road
121.39155,24.96859,Q,50,road
121.428055,24.998964,Q,40,road
121.53375,24.970173,Q,60,road
121.44229,25.043856,Q,50,road
